date,x_ju,y_ju,p_ju,n_ju
2022-11-17T00:00:00,166864320,140.18,,
2022-11-18T00:00:00,166872960,140.35,0.121,0.17
2022-11-21T00:00:00,166898880,142.12,1.261,1.77
2022-11-22T00:00:00,166907520,141.24,-0.619,-0.88
2022-11-23T00:00:00,166916160,139.59,-1.168,-1.65
2022-11-24T00:00:00,166924800,138.61,-0.702,-0.98
2022-11-25T00:00:00,166933440,139.1,0.354,0.49
2022-11-28T00:00:00,166959360,138.94,-0.115,-0.16
2022-11-29T00:00:00,166968000,138.68,-0.187,-0.26
2022-11-30T00:00:00,166976640,138.03,-0.469,-0.65
2022-12-01T00:00:00,166985280,135.27,-2.0,-2.76
2022-12-02T00:00:00,166993920,134.3,-0.717,-0.97
2022-12-05T00:00:00,167019840,136.74,1.817,2.44
2022-12-06T00:00:00,167028480,137.05,0.227,0.31
2022-12-07T00:00:00,167037120,136.6,-0.328,-0.45
2022-12-08T00:00:00,167045760,136.65,0.037,0.05
2022-12-09T00:00:00,167054400,136.56,-0.066,-0.09
2022-12-12T00:00:00,167080320,137.66,0.806,1.1
2022-12-13T00:00:00,167088960,135.57,-1.518,-2.09
2022-12-14T00:00:00,167097600,135.47,-0.074,-0.1
2022-12-15T00:00:00,167106240,137.76,1.69,2.29
2022-12-16T00:00:00,167114880,136.69,-0.777,-1.07
2022-12-19T00:00:00,167140800,136.88,0.139,0.19
2022-12-20T00:00:00,167149440,131.7,-3.784,-5.18
2022-12-21T00:00:00,167158080,132.47,0.585,0.77
2022-12-22T00:00:00,167166720,132.33,-0.106,-0.14
2022-12-23T00:00:00,167175360,132.79,0.348,0.46
2022-12-26T00:00:00,167201280,132.86,0.053,0.07
2022-12-27T00:00:00,167209920,133.48,0.467,0.62
2022-12-28T00:00:00,167218560,134.47,0.742,0.99
2022-12-29T00:00:00,167227200,133.01,-1.086,-1.46
2022-12-30T00:00:00,167235840,131.11,-1.428,-1.9
2023-01-02T00:00:00,167261760,130.73,-0.29,-0.38
2023-01-03T00:00:00,167270400,131.0,0.207,0.27
2023-01-04T00:00:00,167279040,132.62,1.237,1.62
2023-01-05T00:00:00,167287680,133.4,0.588,0.78
2023-01-06T00:00:00,167296320,132.07,-0.997,-1.33
2023-01-09T00:00:00,167322240,131.88,-0.144,-0.19
2023-01-10T00:00:00,167330880,132.25,0.281,0.37
2023-01-11T00:00:00,167339520,132.47,0.166,0.22
2023-01-12T00:00:00,167348160,129.22,-2.453,-3.25
2023-01-13T00:00:00,167356800,127.88,-1.037,-1.34
2023-01-16T00:00:00,167382720,128.54,0.516,0.66
2023-01-17T00:00:00,167391360,128.13,-0.319,-0.41
2023-01-18T00:00:00,167400000,128.88,0.585,0.75
2023-01-19T00:00:00,167408640,128.42,-0.357,-0.46
2023-01-20T00:00:00,167417280,129.57,0.895,1.15
2023-01-23T00:00:00,167443200,130.66,0.841,1.09
2023-01-24T00:00:00,167451840,130.15,-0.39,-0.51
2023-01-25T00:00:00,167460480,129.59,-0.43,-0.56
2023-01-26T00:00:00,167469120,130.21,0.478,0.62
2023-01-27T00:00:00,167477760,129.85,-0.276,-0.36
2023-01-30T00:00:00,167503680,130.44,0.454,0.59
2023-01-31T00:00:00,167512320,130.09,-0.268,-0.35
2023-02-01T00:00:00,167520960,128.93,-0.892,-1.16
2023-02-02T00:00:00,167529600,128.65,-0.217,-0.28
2023-02-03T00:00:00,167538240,131.17,1.959,2.52
2023-02-06T00:00:00,167564160,132.65,1.128,1.48
2023-02-07T00:00:00,167572800,131.05,-1.206,-1.6
2023-02-08T00:00:00,167581440,131.37,0.244,0.32
2023-02-09T00:00:00,167590080,131.56,0.145,0.19
2023-02-10T00:00:00,167598720,131.41,-0.114,-0.15
2023-02-13T00:00:00,167624640,132.4,0.753,0.99
2023-02-14T00:00:00,167633280,133.11,0.536,0.71
2023-02-15T00:00:00,167641920,134.11,0.751,1.0
2023-02-16T00:00:00,167650560,133.94,-0.127,-0.17
2023-02-17T00:00:00,167659200,134.15,0.157,0.21
2023-02-20T00:00:00,167685120,134.23,0.06,0.08
2023-02-21T00:00:00,167693760,134.99,0.566,0.76
2023-02-22T00:00:00,167702400,134.9,-0.067,-0.09
2023-02-23T00:00:00,167711040,134.7,-0.148,-0.2
2023-02-24T00:00:00,167719680,136.46,1.307,1.76
2023-02-27T00:00:00,167745600,136.2,-0.191,-0.26
2023-02-28T00:00:00,167754240,136.2,0.0,0.0
2023-03-01T00:00:00,167762880,136.16,-0.029,-0.04
2023-03-02T00:00:00,167771520,136.76,0.441,0.6
2023-03-03T00:00:00,167780160,135.86,-0.658,-0.9
2023-03-06T00:00:00,167806080,135.91,0.037,0.05
2023-03-07T00:00:00,167814720,137.14,0.905,1.23
2023-03-08T00:00:00,167823360,137.34,0.146,0.2
2023-03-09T00:00:00,167832000,136.14,-0.874,-1.2
2023-03-10T00:00:00,167840640,134.98,-0.852,-1.16
2023-03-13T00:00:00,167866560,133.18,-1.334,-1.8
2023-03-14T00:00:00,167875200,134.22,0.781,1.04
2023-03-15T00:00:00,167883840,133.4,-0.611,-0.82
2023-03-16T00:00:00,167892480,133.72,0.24,0.32
2023-03-17T00:00:00,167901120,131.79,-1.443,-1.93
2023-03-20T00:00:00,167927040,131.31,-0.364,-0.48
2023-03-21T00:00:00,167935680,132.49,0.899,1.18
2023-03-22T00:00:00,167944320,131.44,-0.793,-1.05
2023-03-23T00:00:00,167952960,130.81,-0.479,-0.63
2023-03-24T00:00:00,167961600,130.69,-0.092,-0.12
2023-03-27T00:00:00,167987520,131.56,0.666,0.87
2023-03-28T00:00:00,167996160,130.86,-0.532,-0.7
2023-03-29T00:00:00,168004800,132.84,1.513,1.98
2023-03-30T00:00:00,168013440,132.65,-0.143,-0.19
2023-03-31T00:00:00,168022080,132.79,0.106,0.14
2023-04-03T00:00:00,168048000,132.41,-0.286,-0.38
2023-04-04T00:00:00,168056640,131.69,-0.544,-0.72
2023-04-05T00:00:00,168065280,131.31,-0.289,-0.38
2023-04-06T00:00:00,168073920,131.76,0.343,0.45
2023-04-07T00:00:00,168082560,132.13,0.281,0.37
2023-04-10T00:00:00,168108480,133.6,1.113,1.47
2023-04-11T00:00:00,168117120,133.65,0.037,0.05
2023-04-12T00:00:00,168125760,133.12,-0.397,-0.53
2023-04-13T00:00:00,168134400,132.56,-0.421,-0.56
2023-04-14T00:00:00,168143040,133.77,0.913,1.21
2023-04-17T00:00:00,168168960,134.46,0.516,0.69
2023-04-18T00:00:00,168177600,134.09,-0.275,-0.37
2023-04-19T00:00:00,168186240,134.69,0.447,0.6
2023-04-20T00:00:00,168194880,134.23,-0.342,-0.46
2023-04-21T00:00:00,168203520,134.15,-0.06,-0.08
2023-04-24T00:00:00,168229440,134.22,0.052,0.07
2023-04-25T00:00:00,168238080,133.71,-0.38,-0.51
2023-04-26T00:00:00,168246720,133.66,-0.037,-0.05
2023-04-27T00:00:00,168255360,133.94,0.209,0.28
2023-04-28T00:00:00,168264000,136.28,1.747,2.34
2023-05-01T00:00:00,168289920,137.48,0.881,1.2
2023-05-02T00:00:00,168298560,136.53,-0.691,-0.95
2023-05-03T00:00:00,168307200,134.68,-1.355,-1.85
2023-05-04T00:00:00,168315840,134.27,-0.304,-0.41
2023-05-05T00:00:00,168324480,134.83,0.417,0.56
2023-05-08T00:00:00,168350400,135.08,0.185,0.25
2023-05-09T00:00:00,168359040,135.21,0.096,0.13
2023-05-10T00:00:00,168367680,134.34,-0.643,-0.87
2023-05-11T00:00:00,168376320,134.54,0.149,0.2
2023-05-12T00:00:00,168384960,135.71,0.87,1.17
2023-05-15T00:00:00,168410880,136.11,0.295,0.4
2023-05-16T00:00:00,168419520,136.37,0.191,0.26
2023-05-17T00:00:00,168428160,137.67,0.953,1.3
2023-05-18T00:00:00,168436800,138.71,0.755,1.04
2023-05-19T00:00:00,168445440,137.95,-0.548,-0.76
2023-05-22T00:00:00,168471360,138.6,0.471,0.65
2023-05-23T00:00:00,168480000,138.58,-0.014,-0.02
2023-05-24T00:00:00,168488640,139.46,0.635,0.88
2023-05-25T00:00:00,168497280,140.05,0.423,0.59
2023-05-26T00:00:00,168505920,140.62,0.407,0.57
2023-05-29T00:00:00,168531840,140.44,-0.128,-0.18
2023-05-30T00:00:00,168540480,139.79,-0.463,-0.65
2023-05-31T00:00:00,168549120,139.34,-0.322,-0.45
2023-06-01T00:00:00,168557760,138.79,-0.395,-0.55
2023-06-02T00:00:00,168566400,139.94,0.829,1.15
2023-06-05T00:00:00,168592320,139.54,-0.286,-0.4
2023-06-06T00:00:00,168600960,139.63,0.064,0.09
2023-06-07T00:00:00,168609600,140.11,0.344,0.48
2023-06-08T00:00:00,168618240,138.91,-0.856,-1.2
2023-06-09T00:00:00,168626880,139.34,0.31,0.43
2023-06-12T00:00:00,168652800,139.6,0.187,0.26
2023-06-13T00:00:00,168661440,140.21,0.437,0.61
2023-06-14T00:00:00,168670080,140.09,-0.086,-0.12
2023-06-15T00:00:00,168678720,140.27,0.128,0.18
2023-06-16T00:00:00,168687360,141.82,1.105,1.55
2023-06-19T00:00:00,168713280,141.98,0.113,0.16
2023-06-20T00:00:00,168721920,141.44,-0.38,-0.54
2023-06-21T00:00:00,168730560,141.88,0.311,0.44
2023-06-22T00:00:00,168739200,143.11,0.867,1.23
2023-06-23T00:00:00,168747840,143.68,0.398,0.57
2023-06-26T00:00:00,168773760,143.5,-0.125,-0.18
2023-06-27T00:00:00,168782400,144.07,0.397,0.57
2023-06-28T00:00:00,168791040,144.46,0.271,0.39
2023-06-29T00:00:00,168799680,144.77,0.215,0.31
2023-06-30T00:00:00,168808320,144.32,-0.311,-0.45
2023-07-03T00:00:00,168834240,144.66,0.236,0.34
2023-07-04T00:00:00,168842880,144.45,-0.145,-0.21
2023-07-05T00:00:00,168851520,144.64,0.132,0.19
2023-07-06T00:00:00,168860160,144.06,-0.401,-0.58
2023-07-07T00:00:00,168868800,142.07,-1.381,-1.99
2023-07-10T00:00:00,168894720,141.31,-0.535,-0.76
2023-07-11T00:00:00,168903360,140.37,-0.665,-0.94
2023-07-12T00:00:00,168912000,138.5,-1.332,-1.87
2023-07-13T00:00:00,168920640,138.03,-0.339,-0.47
2023-07-14T00:00:00,168929280,138.73,0.507,0.7
2023-07-17T00:00:00,168955200,138.71,-0.014,-0.02
2023-07-18T00:00:00,168963840,138.81,0.072,0.1
2023-07-19T00:00:00,168972480,139.67,0.62,0.86
2023-07-20T00:00:00,168981120,140.07,0.286,0.4
2023-07-21T00:00:00,168989760,141.79,1.228,1.72
2023-07-24T00:00:00,169015680,141.44,-0.247,-0.35
2023-07-25T00:00:00,169024320,140.9,-0.382,-0.54
2023-07-26T00:00:00,169032960,140.21,-0.49,-0.69
2023-07-27T00:00:00,169041600,139.44,-0.549,-0.77
2023-07-28T00:00:00,169050240,141.15,1.226,1.71
2023-07-31T00:00:00,169076160,142.28,0.801,1.13
2023-08-01T00:00:00,169084800,143.32,0.731,1.04
2023-08-02T00:00:00,169093440,143.32,0.0,0.0
2023-08-03T00:00:00,169102080,142.54,-0.544,-0.78
2023-08-04T00:00:00,169110720,141.75,-0.554,-0.79
2023-08-07T00:00:00,169136640,142.49,0.522,0.74
2023-08-08T00:00:00,169145280,143.37,0.618,0.88
2023-08-09T00:00:00,169153920,143.72,0.244,0.35
2023-08-10T00:00:00,169162560,144.73,0.703,1.01
2023-08-11T00:00:00,169171200,144.96,0.159,0.23
2023-08-14T00:00:00,169197120,145.54,0.4,0.58
2023-08-15T00:00:00,169205760,145.57,0.021,0.03
2023-08-16T00:00:00,169214400,146.35,0.536,0.78
2023-08-17T00:00:00,169223040,145.83,-0.355,-0.52
2023-08-18T00:00:00,169231680,145.37,-0.315,-0.46
2023-08-21T00:00:00,169257600,146.17,0.55,0.8
2023-08-22T00:00:00,169266240,145.88,-0.198,-0.29
2023-08-23T00:00:00,169274880,144.83,-0.72,-1.05
2023-08-24T00:00:00,169283520,145.87,0.718,1.04
2023-08-25T00:00:00,169292160,146.41,0.37,0.54
2023-08-28T00:00:00,169318080,146.54,0.089,0.13
2023-08-29T00:00:00,169326720,145.87,-0.457,-0.67
2023-08-30T00:00:00,169335360,146.24,0.254,0.37
2023-08-31T00:00:00,169344000,145.53,-0.486,-0.71
2023-09-01T00:00:00,169352640,146.23,0.481,0.7
2023-09-04T00:00:00,169378560,146.46,0.157,0.23
2023-09-05T00:00:00,169387200,147.71,0.853,1.25
2023-09-06T00:00:00,169395840,147.65,-0.041,-0.06
2023-09-07T00:00:00,169404480,147.29,-0.244,-0.36
2023-09-08T00:00:00,169413120,147.81,0.353,0.52
2023-09-11T00:00:00,169439040,146.58,-0.832,-1.23
2023-09-12T00:00:00,169447680,147.08,0.341,0.5
2023-09-13T00:00:00,169456320,147.45,0.252,0.37
2023-09-14T00:00:00,169464960,147.47,0.014,0.02
2023-09-15T00:00:00,169473600,147.82,0.237,0.35
2023-09-18T00:00:00,169499520,147.6,-0.149,-0.22
2023-09-19T00:00:00,169508160,147.86,0.176,0.26
2023-09-20T00:00:00,169516800,148.33,0.318,0.47
2023-09-21T00:00:00,169525440,147.58,-0.506,-0.75
2023-09-22T00:00:00,169534080,148.37,0.535,0.79
2023-09-25T00:00:00,169560000,148.88,0.344,0.51
2023-09-26T00:00:00,169568640,149.05,0.114,0.17
2023-09-27T00:00:00,169577280,149.63,0.389,0.58
2023-09-28T00:00:00,169585920,149.29,-0.227,-0.34
2023-09-29T00:00:00,169594560,149.35,0.04,0.06
2023-10-02T00:00:00,169620480,149.85,0.335,0.5
2023-10-03T00:00:00,169629120,149.02,-0.554,-0.83
2023-10-04T00:00:00,169637760,149.12,0.067,0.1
2023-10-05T00:00:00,169646400,148.5,-0.416,-0.62
2023-10-06T00:00:00,169655040,149.32,0.552,0.82
2023-10-09T00:00:00,169680960,148.5,-0.549,-0.82
2023-10-10T00:00:00,169689600,148.7,0.135,0.2
2023-10-11T00:00:00,169698240,149.15,0.303,0.45
2023-10-12T00:00:00,169706880,149.8,0.436,0.65
2023-10-13T00:00:00,169715520,149.55,-0.167,-0.25
2023-10-16T00:00:00,169741440,149.5,-0.033,-0.05
2023-10-17T00:00:00,169750080,149.8,0.201,0.3
2023-10-18T00:00:00,169758720,149.92,0.08,0.12
2023-10-19T00:00:00,169767360,149.78,-0.093,-0.14
2023-10-20T00:00:00,169776000,149.84,0.04,0.06
2023-10-23T00:00:00,169801920,149.7,-0.093,-0.14
2023-10-24T00:00:00,169810560,149.91,0.14,0.21
2023-10-25T00:00:00,169819200,150.21,0.2,0.3
2023-10-26T00:00:00,169827840,150.38,0.113,0.17
2023-10-27T00:00:00,169836480,149.6,-0.519,-0.78
2023-10-30T00:00:00,169862400,149.1,-0.334,-0.5
2023-10-31T00:00:00,169871040,151.67,1.724,2.57
2023-11-01T00:00:00,169879680,150.95,-0.475,-0.72
2023-11-02T00:00:00,169888320,150.44,-0.338,-0.51
2023-11-03T00:00:00,169896960,149.37,-0.711,-1.07
2023-11-06T00:00:00,169922880,150.07,0.469,0.7
2023-11-07T00:00:00,169931520,150.34,0.18,0.27
2023-11-08T00:00:00,169940160,150.97,0.419,0.63
2023-11-09T00:00:00,169948800,151.34,0.245,0.37
2023-11-10T00:00:00,169957440,151.5,0.106,0.16
2023-11-13T00:00:00,169983360,151.71,0.139,0.21
2023-11-14T00:00:00,169992000,150.38,-0.877,-1.33
2023-11-15T00:00:00,170000640,151.35,0.645,0.97
2023-11-16T00:00:00,170009280,151.217,-0.088,-0.133
2021-11-17T00:00:00,163710720,114.07,,
2021-11-18T00:00:00,163719360,114.24,0.149,0.17
2021-11-19T00:00:00,163728000,113.98,-0.228,-0.26
2021-11-21T00:00:00,163745280,114.086,0.093,0.106
2021-11-22T00:00:00,163753920,114.86,0.678,0.774
2021-11-23T00:00:00,163762560,115.12,0.226,0.26
2021-11-24T00:00:00,163771200,115.41,0.252,0.29
2021-11-25T00:00:00,163779840,115.35,-0.052,-0.06
2021-11-26T00:00:00,163788480,113.31,-1.769,-2.04
2021-11-28T00:00:00,163805760,113.792,0.425,0.482
2021-11-29T00:00:00,163814400,113.52,-0.239,-0.272
2021-11-30T00:00:00,163823040,113.13,-0.344,-0.39
2021-12-01T00:00:00,163831680,112.75,-0.336,-0.38
2021-12-02T00:00:00,163840320,113.15,0.355,0.4
2021-12-03T00:00:00,163848960,112.8,-0.309,-0.35
2021-12-05T00:00:00,163866240,113.001,0.178,0.201
2021-12-06T00:00:00,163874880,113.46,0.406,0.459
2021-12-07T00:00:00,163883520,113.57,0.097,0.11
2021-12-08T00:00:00,163892160,113.66,0.079,0.09
2021-12-09T00:00:00,163900800,113.44,-0.194,-0.22
2021-12-10T00:00:00,163909440,113.38,-0.053,-0.06
2021-12-12T00:00:00,163926720,113.476,0.085,0.096
2021-12-13T00:00:00,163935360,113.56,0.074,0.084
2021-12-14T00:00:00,163944000,113.71,0.132,0.15
2021-12-15T00:00:00,163952640,114.02,0.273,0.31
2021-12-16T00:00:00,163961280,113.7,-0.281,-0.32
2021-12-17T00:00:00,163969920,113.67,-0.026,-0.03
2021-12-19T00:00:00,163987200,113.604,-0.058,-0.066
2021-12-20T00:00:00,163995840,113.58,-0.021,-0.024
2021-12-21T00:00:00,164004480,114.08,0.44,0.5
2021-12-22T00:00:00,164013120,114.11,0.026,0.03
2021-12-23T00:00:00,164021760,114.37,0.228,0.26
2021-12-24T00:00:00,164030400,114.41,0.035,0.04
2021-12-26T00:00:00,164047680,114.325,-0.074,-0.085
2021-12-27T00:00:00,164056320,114.83,0.442,0.505
2021-12-28T00:00:00,164064960,114.81,-0.017,-0.02
2021-12-29T00:00:00,164073600,114.94,0.113,0.13
2021-12-30T00:00:00,164082240,115.06,0.104,0.12
2021-12-31T00:00:00,164090880,115.08,0.017,0.02
2022-01-02T00:00:00,164108160,115.124,0.038,0.044
2022-01-03T00:00:00,164116800,115.32,0.17,0.196
2022-01-04T00:00:00,164125440,116.14,0.711,0.82
2022-01-05T00:00:00,164134080,116.1,-0.034,-0.04
2022-01-06T00:00:00,164142720,115.82,-0.241,-0.28
2022-01-07T00:00:00,164151360,115.55,-0.233,-0.27
2022-01-09T00:00:00,164168640,115.623,0.063,0.073
2022-01-10T00:00:00,164177280,115.2,-0.366,-0.423
2022-01-11T00:00:00,164185920,115.28,0.069,0.08
2022-01-12T00:00:00,164194560,114.63,-0.564,-0.65
2022-01-13T00:00:00,164203200,114.17,-0.401,-0.46
2022-01-14T00:00:00,164211840,114.2,0.026,0.03
2022-01-16T00:00:00,164229120,114.302,0.089,0.102
2022-01-17T00:00:00,164237760,114.6,0.261,0.298
2022-01-18T00:00:00,164246400,114.61,0.009,0.01
2022-01-19T00:00:00,164255040,114.32,-0.253,-0.29
2022-01-20T00:00:00,164263680,114.09,-0.201,-0.23
2022-01-21T00:00:00,164272320,113.68,-0.359,-0.41
2022-01-23T00:00:00,164289600,113.742,0.055,0.062
2022-01-24T00:00:00,164298240,113.92,0.156,0.178
2022-01-25T00:00:00,164306880,113.86,-0.053,-0.06
2022-01-26T00:00:00,164315520,114.63,0.676,0.77
2022-01-27T00:00:00,164324160,115.34,0.619,0.71
2022-01-28T00:00:00,164332800,115.24,-0.087,-0.1
2022-01-30T00:00:00,164350080,115.271,0.027,0.031
2022-01-31T00:00:00,164358720,115.1,-0.148,-0.171
2022-02-01T00:00:00,164367360,114.71,-0.339,-0.39
2022-02-02T00:00:00,164376000,114.44,-0.235,-0.27
2022-02-03T00:00:00,164384640,114.95,0.446,0.51
2022-02-04T00:00:00,164393280,115.2,0.217,0.25
2022-02-06T00:00:00,164410560,115.252,0.045,0.052
2022-02-07T00:00:00,164419200,115.12,-0.115,-0.132
2022-02-08T00:00:00,164427840,115.54,0.365,0.42
2022-02-09T00:00:00,164436480,115.49,-0.043,-0.05
2022-02-10T00:00:00,164445120,116.0,0.442,0.51
2022-02-11T00:00:00,164453760,115.41,-0.509,-0.59
2022-02-13T00:00:00,164471040,115.531,0.105,0.121
2022-02-14T00:00:00,164479680,115.53,-0.001,-0.001
2022-02-15T00:00:00,164488320,115.62,0.078,0.09
2022-02-16T00:00:00,164496960,115.46,-0.138,-0.16
2022-02-17T00:00:00,164505600,114.93,-0.459,-0.53
2022-02-18T00:00:00,164514240,115.0,0.061,0.07
2022-02-21T00:00:00,164540160,114.74,-0.226,-0.26
2022-02-22T00:00:00,164548800,115.08,0.296,0.34
2022-02-23T00:00:00,164557440,114.97,-0.096,-0.11
2022-02-24T00:00:00,164566080,115.52,0.478,0.55
2022-02-25T00:00:00,164574720,115.56,0.035,0.04
2022-02-28T00:00:00,164600640,114.99,-0.493,-0.57
2022-03-01T00:00:00,164609280,114.89,-0.087,-0.1
2022-03-02T00:00:00,164617920,115.5,0.531,0.61
2022-03-03T00:00:00,164626560,115.46,-0.035,-0.04
2022-03-04T00:00:00,164635200,114.78,-0.589,-0.68
2022-03-07T00:00:00,164661120,115.29,0.444,0.51
2022-03-08T00:00:00,164669760,115.66,0.321,0.37
2022-03-09T00:00:00,164678400,115.82,0.138,0.16
2022-03-10T00:00:00,164687040,116.13,0.268,0.31
2022-03-11T00:00:00,164695680,117.28,0.99,1.15
2022-03-14T00:00:00,164721600,118.18,0.767,0.9
2022-03-15T00:00:00,164730240,118.28,0.085,0.1
2022-03-16T00:00:00,164738880,118.72,0.372,0.44
2022-03-17T00:00:00,164747520,118.59,-0.11,-0.13
2022-03-18T00:00:00,164756160,119.17,0.489,0.58
2022-03-21T00:00:00,164782080,119.47,0.252,0.3
2022-03-22T00:00:00,164790720,120.8,1.113,1.33
2022-03-23T00:00:00,164799360,121.15,0.29,0.35
2022-03-24T00:00:00,164808000,122.33,0.974,1.18
2022-03-25T00:00:00,164816640,122.06,-0.221,-0.27
2022-03-28T00:00:00,164842560,123.91,1.516,1.85
2022-03-29T00:00:00,164851200,122.84,-0.864,-1.07
2022-03-30T00:00:00,164859840,121.8,-0.847,-1.04
2022-03-31T00:00:00,164868480,121.66,-0.115,-0.14
2022-04-01T00:00:00,164877120,122.49,0.682,0.83
2022-04-04T00:00:00,164903040,122.78,0.237,0.29
2022-04-05T00:00:00,164911680,123.6,0.668,0.82
2022-04-06T00:00:00,164920320,123.79,0.154,0.19
2022-04-07T00:00:00,164928960,123.92,0.105,0.13
2022-04-08T00:00:00,164937600,124.32,0.323,0.4
2022-04-11T00:00:00,164963520,125.35,0.829,1.03
2022-04-12T00:00:00,164972160,125.35,0.0,0.0
2022-04-13T00:00:00,164980800,125.66,0.247,0.31
2022-04-14T00:00:00,164989440,125.86,0.159,0.2
2022-04-15T00:00:00,164998080,126.35,0.389,0.49
2022-04-18T00:00:00,165024000,126.97,0.491,0.62
2022-04-19T00:00:00,165032640,128.9,1.52,1.93
2022-04-20T00:00:00,165041280,127.88,-0.791,-1.02
2022-04-21T00:00:00,165049920,128.39,0.399,0.51
2022-04-22T00:00:00,165058560,128.56,0.132,0.17
2022-04-25T00:00:00,165084480,128.12,-0.342,-0.44
2022-04-26T00:00:00,165093120,127.22,-0.702,-0.9
2022-04-27T00:00:00,165101760,128.42,0.943,1.2
2022-04-28T00:00:00,165110400,130.85,1.892,2.43
2022-04-29T00:00:00,165119040,129.83,-0.78,-1.02
2022-05-02T00:00:00,165144960,130.14,0.239,0.31
2022-05-03T00:00:00,165153600,130.1,-0.031,-0.04
2022-05-04T00:00:00,165162240,129.07,-0.792,-1.03
2022-05-05T00:00:00,165170880,130.13,0.821,1.06
2022-05-06T00:00:00,165179520,130.56,0.33,0.43
2022-05-09T00:00:00,165205440,130.25,-0.237,-0.31
2022-05-10T00:00:00,165214080,130.43,0.138,0.18
2022-05-11T00:00:00,165222720,129.96,-0.36,-0.47
2022-05-12T00:00:00,165231360,128.32,-1.262,-1.64
2022-05-13T00:00:00,165240000,129.19,0.678,0.87
2022-05-16T00:00:00,165265920,129.16,-0.023,-0.03
2022-05-17T00:00:00,165274560,129.39,0.178,0.23
2022-05-18T00:00:00,165283200,128.22,-0.904,-1.17
2022-05-19T00:00:00,165291840,127.8,-0.328,-0.42
2022-05-20T00:00:00,165300480,127.85,0.039,0.05
2022-05-23T00:00:00,165326400,127.87,0.016,0.02
2022-05-24T00:00:00,165335040,126.8,-0.837,-1.07
2022-05-25T00:00:00,165343680,127.31,0.402,0.51
2022-05-26T00:00:00,165352320,127.14,-0.134,-0.17
2022-05-27T00:00:00,165360960,127.11,-0.024,-0.03
2022-05-30T00:00:00,165386880,127.55,0.346,0.44
2022-05-31T00:00:00,165395520,128.68,0.886,1.13
2022-06-01T00:00:00,165404160,130.11,1.111,1.43
2022-06-02T00:00:00,165412800,129.83,-0.215,-0.28
2022-06-03T00:00:00,165421440,130.86,0.793,1.03
2022-06-06T00:00:00,165447360,131.87,0.772,1.01
2022-06-07T00:00:00,165456000,132.58,0.538,0.71
2022-06-08T00:00:00,165464640,134.24,1.252,1.66
2022-06-09T00:00:00,165473280,134.33,0.067,0.09
2022-06-10T00:00:00,165481920,134.42,0.067,0.09
2022-06-13T00:00:00,165507840,134.4,-0.015,-0.02
2022-06-14T00:00:00,165516480,135.47,0.796,1.07
2022-06-15T00:00:00,165525120,133.83,-1.211,-1.64
2022-06-16T00:00:00,165533760,132.2,-1.218,-1.63
2022-06-17T00:00:00,165542400,134.96,2.088,2.76
2022-06-20T00:00:00,165568320,135.08,0.089,0.12
2022-06-21T00:00:00,165576960,136.61,1.133,1.53
2022-06-22T00:00:00,165585600,136.26,-0.256,-0.35
2022-06-23T00:00:00,165594240,134.93,-0.976,-1.33
2022-06-24T00:00:00,165602880,135.17,0.178,0.24
2022-06-27T00:00:00,165628800,135.43,0.192,0.26
2022-06-28T00:00:00,165637440,136.12,0.509,0.69
2022-06-29T00:00:00,165646080,136.58,0.338,0.46
2022-06-30T00:00:00,165654720,135.73,-0.622,-0.85
2022-07-01T00:00:00,165663360,135.19,-0.398,-0.54
2022-07-04T00:00:00,165689280,135.69,0.37,0.5
2022-07-05T00:00:00,165697920,135.87,0.133,0.18
2022-07-06T00:00:00,165706560,135.93,0.044,0.06
2022-07-07T00:00:00,165715200,135.98,0.037,0.05
2022-07-08T00:00:00,165723840,136.08,0.074,0.1
2022-07-11T00:00:00,165749760,137.42,0.985,1.34
2022-07-12T00:00:00,165758400,136.86,-0.408,-0.56
2022-07-13T00:00:00,165767040,137.42,0.409,0.56
2022-07-14T00:00:00,165775680,138.9,1.077,1.48
2022-07-15T00:00:00,165784320,138.53,-0.266,-0.37
2022-07-18T00:00:00,165810240,138.12,-0.296,-0.41
2022-07-19T00:00:00,165818880,138.18,0.043,0.06
2022-07-20T00:00:00,165827520,138.2,0.014,0.02
2022-07-21T00:00:00,165836160,137.37,-0.601,-0.83
2022-07-22T00:00:00,165844800,136.05,-0.961,-1.32
2022-07-25T00:00:00,165870720,136.66,0.448,0.61
2022-07-26T00:00:00,165879360,136.91,0.183,0.25
2022-07-27T00:00:00,165888000,136.55,-0.263,-0.36
2022-07-28T00:00:00,165896640,134.28,-1.662,-2.27
2022-07-29T00:00:00,165905280,133.19,-0.812,-1.09
2022-08-01T00:00:00,165931200,131.61,-1.186,-1.58
2022-08-02T00:00:00,165939840,133.16,1.178,1.55
2022-08-03T00:00:00,165948480,133.86,0.526,0.7
2022-08-04T00:00:00,165957120,132.85,-0.755,-1.01
2022-08-05T00:00:00,165965760,134.97,1.596,2.12
2022-08-08T00:00:00,165991680,135.0,0.022,0.03
2022-08-09T00:00:00,166000320,135.13,0.096,0.13
2022-08-10T00:00:00,166008960,132.87,-1.672,-2.26
2022-08-11T00:00:00,166017600,133.0,0.098,0.13
2022-08-12T00:00:00,166026240,133.48,0.361,0.48
2022-08-15T00:00:00,166052160,133.32,-0.12,-0.16
2022-08-16T00:00:00,166060800,134.21,0.668,0.89
2022-08-17T00:00:00,166069440,135.01,0.596,0.8
2022-08-18T00:00:00,166078080,135.88,0.644,0.87
2022-08-19T00:00:00,166086720,136.93,0.773,1.05
2022-08-22T00:00:00,166112640,137.47,0.394,0.54
2022-08-23T00:00:00,166121280,136.78,-0.502,-0.69
2022-08-24T00:00:00,166129920,137.11,0.241,0.33
2022-08-25T00:00:00,166138560,136.5,-0.445,-0.61
2022-08-26T00:00:00,166147200,137.52,0.747,1.02
2022-08-29T00:00:00,166173120,138.69,0.851,1.17
2022-08-30T00:00:00,166181760,138.79,0.072,0.1
2022-08-31T00:00:00,166190400,138.96,0.122,0.17
2022-09-01T00:00:00,166199040,140.2,0.892,1.24
2022-09-02T00:00:00,166207680,140.2,0.0,0.0
2022-09-05T00:00:00,166233600,140.59,0.278,0.39
2022-09-06T00:00:00,166242240,142.79,1.565,2.2
2022-09-07T00:00:00,166250880,143.7,0.637,0.91
2022-09-08T00:00:00,166259520,144.09,0.271,0.39
2022-09-09T00:00:00,166268160,142.52,-1.09,-1.57
2022-09-12T00:00:00,166294080,142.83,0.218,0.31
2022-09-13T00:00:00,166302720,144.55,1.204,1.72
2022-09-14T00:00:00,166311360,143.15,-0.969,-1.4
2022-09-15T00:00:00,166320000,143.52,0.258,0.37
2022-09-16T00:00:00,166328640,142.91,-0.425,-0.61
2022-09-19T00:00:00,166354560,143.2,0.203,0.29
2022-09-20T00:00:00,166363200,143.72,0.363,0.52
2022-09-21T00:00:00,166371840,144.04,0.223,0.32
2022-09-22T00:00:00,166380480,142.35,-1.173,-1.69
2022-09-23T00:00:00,166389120,143.32,0.681,0.97
2022-09-26T00:00:00,166415040,144.75,0.998,1.43
2022-09-27T00:00:00,166423680,144.76,0.007,0.01
2022-09-28T00:00:00,166432320,144.16,-0.414,-0.6
2022-09-29T00:00:00,166440960,144.45,0.201,0.29
2022-09-30T00:00:00,166449600,144.75,0.208,0.3
2022-10-03T00:00:00,166475520,144.53,-0.152,-0.22
2022-10-04T00:00:00,166484160,144.09,-0.304,-0.44
2022-10-05T00:00:00,166492800,144.63,0.375,0.54
2022-10-06T00:00:00,166501440,145.12,0.339,0.49
2022-10-07T00:00:00,166510080,145.33,0.145,0.21
2022-10-10T00:00:00,166536000,145.68,0.241,0.35
2022-10-11T00:00:00,166544640,145.86,0.124,0.18
2022-10-12T00:00:00,166553280,146.91,0.72,1.05
2022-10-13T00:00:00,166561920,147.22,0.211,0.31
2022-10-14T00:00:00,166570560,148.74,1.032,1.52
2022-10-17T00:00:00,166596480,149.03,0.195,0.29
2022-10-18T00:00:00,166605120,149.26,0.154,0.23
2022-10-19T00:00:00,166613760,149.89,0.422,0.63
2022-10-20T00:00:00,166622400,150.14,0.167,0.25
2022-10-21T00:00:00,166631040,147.64,-1.665,-2.5
2022-10-24T00:00:00,166656960,148.96,0.894,1.32
2022-10-25T00:00:00,166665600,147.91,-0.705,-1.05
2022-10-26T00:00:00,166674240,146.35,-1.055,-1.56
2022-10-27T00:00:00,166682880,146.27,-0.055,-0.08
2022-10-28T00:00:00,166691520,147.45,0.807,1.18
2022-10-31T00:00:00,166717440,148.71,0.855,1.26
2022-11-01T00:00:00,166726080,148.28,-0.289,-0.43
2022-11-02T00:00:00,166734720,147.9,-0.256,-0.38
2022-11-03T00:00:00,166743360,148.27,0.25,0.37
2022-11-04T00:00:00,166752000,146.59,-1.133,-1.68
2022-11-07T00:00:00,166777920,146.62,0.02,0.03
2022-11-08T00:00:00,166786560,145.66,-0.655,-0.96
2022-11-09T00:00:00,166795200,146.44,0.535,0.78
2022-11-10T00:00:00,166803840,140.95,-3.749,-5.49
2022-11-11T00:00:00,166812480,138.79,-1.532,-2.16
2022-11-14T00:00:00,166838400,139.88,0.785,1.09
2022-11-15T00:00:00,166847040,139.29,-0.422,-0.59
2022-11-16T00:00:00,166855680,139.55,0.187,0.26
2022-11-17T00:00:00,166864320,140.18,0.451,0.63
2021-11-17T00:00:00,163710720,114.07,,
2021-11-18T00:00:00,163719360,114.24,0.149,0.17
2021-11-19T00:00:00,163728000,113.98,-0.228,-0.26
2021-11-21T00:00:00,163745280,114.086,0.093,0.106
2021-11-22T00:00:00,163753920,114.86,0.678,0.774
2021-11-23T00:00:00,163762560,115.12,0.226,0.26
2021-11-24T00:00:00,163771200,115.41,0.252,0.29
2021-11-25T00:00:00,163779840,115.35,-0.052,-0.06
2021-11-26T00:00:00,163788480,113.31,-1.769,-2.04
2021-11-28T00:00:00,163805760,113.792,0.425,0.482
2021-11-29T00:00:00,163814400,113.52,-0.239,-0.272
2021-11-30T00:00:00,163823040,113.13,-0.344,-0.39
2021-12-01T00:00:00,163831680,112.75,-0.336,-0.38
2021-12-02T00:00:00,163840320,113.15,0.355,0.4
2021-12-03T00:00:00,163848960,112.8,-0.309,-0.35
2021-12-05T00:00:00,163866240,113.001,0.178,0.201
2021-12-06T00:00:00,163874880,113.46,0.406,0.459
2021-12-07T00:00:00,163883520,113.57,0.097,0.11
2021-12-08T00:00:00,163892160,113.66,0.079,0.09
2021-12-09T00:00:00,163900800,113.44,-0.194,-0.22
2021-12-10T00:00:00,163909440,113.38,-0.053,-0.06
2021-12-12T00:00:00,163926720,113.476,0.085,0.096
2021-12-13T00:00:00,163935360,113.56,0.074,0.084
2021-12-14T00:00:00,163944000,113.71,0.132,0.15
2021-12-15T00:00:00,163952640,114.02,0.273,0.31
2021-12-16T00:00:00,163961280,113.7,-0.281,-0.32
2021-12-17T00:00:00,163969920,113.67,-0.026,-0.03
2021-12-19T00:00:00,163987200,113.604,-0.058,-0.066
2021-12-20T00:00:00,163995840,113.58,-0.021,-0.024
2021-12-21T00:00:00,164004480,114.08,0.44,0.5
2021-12-22T00:00:00,164013120,114.11,0.026,0.03
2021-12-23T00:00:00,164021760,114.37,0.228,0.26
2021-12-24T00:00:00,164030400,114.41,0.035,0.04
2021-12-26T00:00:00,164047680,114.325,-0.074,-0.085
2021-12-27T00:00:00,164056320,114.83,0.442,0.505
2021-12-28T00:00:00,164064960,114.81,-0.017,-0.02
2021-12-29T00:00:00,164073600,114.94,0.113,0.13
2021-12-30T00:00:00,164082240,115.06,0.104,0.12
2021-12-31T00:00:00,164090880,115.08,0.017,0.02
2022-01-02T00:00:00,164108160,115.124,0.038,0.044
2022-01-03T00:00:00,164116800,115.32,0.17,0.196
2022-01-04T00:00:00,164125440,116.14,0.711,0.82
2022-01-05T00:00:00,164134080,116.1,-0.034,-0.04
2022-01-06T00:00:00,164142720,115.82,-0.241,-0.28
2022-01-07T00:00:00,164151360,115.55,-0.233,-0.27
2022-01-09T00:00:00,164168640,115.623,0.063,0.073
2022-01-10T00:00:00,164177280,115.2,-0.366,-0.423
2022-01-11T00:00:00,164185920,115.28,0.069,0.08
2022-01-12T00:00:00,164194560,114.63,-0.564,-0.65
2022-01-13T00:00:00,164203200,114.17,-0.401,-0.46
2022-01-14T00:00:00,164211840,114.2,0.026,0.03
2022-01-16T00:00:00,164229120,114.302,0.089,0.102
2022-01-17T00:00:00,164237760,114.6,0.261,0.298
2022-01-18T00:00:00,164246400,114.61,0.009,0.01
2022-01-19T00:00:00,164255040,114.32,-0.253,-0.29
2022-01-20T00:00:00,164263680,114.09,-0.201,-0.23
2022-01-21T00:00:00,164272320,113.68,-0.359,-0.41
2022-01-23T00:00:00,164289600,113.742,0.055,0.062
2022-01-24T00:00:00,164298240,113.92,0.156,0.178
2022-01-25T00:00:00,164306880,113.86,-0.053,-0.06
2022-01-26T00:00:00,164315520,114.63,0.676,0.77
2022-01-27T00:00:00,164324160,115.34,0.619,0.71
2022-01-28T00:00:00,164332800,115.24,-0.087,-0.1
2022-01-30T00:00:00,164350080,115.271,0.027,0.031
2022-01-31T00:00:00,164358720,115.1,-0.148,-0.171
2022-02-01T00:00:00,164367360,114.71,-0.339,-0.39
2022-02-02T00:00:00,164376000,114.44,-0.235,-0.27
2022-02-03T00:00:00,164384640,114.95,0.446,0.51
2022-02-04T00:00:00,164393280,115.2,0.217,0.25
2022-02-06T00:00:00,164410560,115.252,0.045,0.052
2022-02-07T00:00:00,164419200,115.12,-0.115,-0.132
2022-02-08T00:00:00,164427840,115.54,0.365,0.42
2022-02-09T00:00:00,164436480,115.49,-0.043,-0.05
2022-02-10T00:00:00,164445120,116.0,0.442,0.51
2022-02-11T00:00:00,164453760,115.41,-0.509,-0.59
2022-02-13T00:00:00,164471040,115.531,0.105,0.121
2022-02-14T00:00:00,164479680,115.53,-0.001,-0.001
2022-02-15T00:00:00,164488320,115.62,0.078,0.09
2022-02-16T00:00:00,164496960,115.46,-0.138,-0.16
2022-02-17T00:00:00,164505600,114.93,-0.459,-0.53
2022-02-18T00:00:00,164514240,115.0,0.061,0.07
2022-02-21T00:00:00,164540160,114.74,-0.226,-0.26
2022-02-22T00:00:00,164548800,115.08,0.296,0.34
2022-02-23T00:00:00,164557440,114.97,-0.096,-0.11
2022-02-24T00:00:00,164566080,115.52,0.478,0.55
2022-02-25T00:00:00,164574720,115.56,0.035,0.04
2022-02-28T00:00:00,164600640,114.99,-0.493,-0.57
2022-03-01T00:00:00,164609280,114.89,-0.087,-0.1
2022-03-02T00:00:00,164617920,115.5,0.531,0.61
2022-03-03T00:00:00,164626560,115.46,-0.035,-0.04
2022-03-04T00:00:00,164635200,114.78,-0.589,-0.68
2022-03-07T00:00:00,164661120,115.29,0.444,0.51
2022-03-08T00:00:00,164669760,115.66,0.321,0.37
2022-03-09T00:00:00,164678400,115.82,0.138,0.16
2022-03-10T00:00:00,164687040,116.13,0.268,0.31
2022-03-11T00:00:00,164695680,117.28,0.99,1.15
2022-03-14T00:00:00,164721600,118.18,0.767,0.9
2022-03-15T00:00:00,164730240,118.28,0.085,0.1
2022-03-16T00:00:00,164738880,118.72,0.372,0.44
2022-03-17T00:00:00,164747520,118.59,-0.11,-0.13
2022-03-18T00:00:00,164756160,119.17,0.489,0.58
2022-03-21T00:00:00,164782080,119.47,0.252,0.3
2022-03-22T00:00:00,164790720,120.8,1.113,1.33
2022-03-23T00:00:00,164799360,121.15,0.29,0.35
2022-03-24T00:00:00,164808000,122.33,0.974,1.18
2022-03-25T00:00:00,164816640,122.06,-0.221,-0.27
2022-03-28T00:00:00,164842560,123.91,1.516,1.85
2022-03-29T00:00:00,164851200,122.84,-0.864,-1.07
2022-03-30T00:00:00,164859840,121.8,-0.847,-1.04
2022-03-31T00:00:00,164868480,121.66,-0.115,-0.14
2022-04-01T00:00:00,164877120,122.49,0.682,0.83
2022-04-04T00:00:00,164903040,122.78,0.237,0.29
2022-04-05T00:00:00,164911680,123.6,0.668,0.82
2022-04-06T00:00:00,164920320,123.79,0.154,0.19
2022-04-07T00:00:00,164928960,123.92,0.105,0.13
2022-04-08T00:00:00,164937600,124.32,0.323,0.4
2022-04-11T00:00:00,164963520,125.35,0.829,1.03
2022-04-12T00:00:00,164972160,125.35,0.0,0.0
2022-04-13T00:00:00,164980800,125.66,0.247,0.31
2022-04-14T00:00:00,164989440,125.86,0.159,0.2
2022-04-15T00:00:00,164998080,126.35,0.389,0.49
2022-04-18T00:00:00,165024000,126.97,0.491,0.62
2022-04-19T00:00:00,165032640,128.9,1.52,1.93
2022-04-20T00:00:00,165041280,127.88,-0.791,-1.02
2022-04-21T00:00:00,165049920,128.39,0.399,0.51
2022-04-22T00:00:00,165058560,128.56,0.132,0.17
2022-04-25T00:00:00,165084480,128.12,-0.342,-0.44
2022-04-26T00:00:00,165093120,127.22,-0.702,-0.9
2022-04-27T00:00:00,165101760,128.42,0.943,1.2
2022-04-28T00:00:00,165110400,130.85,1.892,2.43
2022-04-29T00:00:00,165119040,129.83,-0.78,-1.02
2022-05-02T00:00:00,165144960,130.14,0.239,0.31
2022-05-03T00:00:00,165153600,130.1,-0.031,-0.04
2022-05-04T00:00:00,165162240,129.07,-0.792,-1.03
2022-05-05T00:00:00,165170880,130.13,0.821,1.06
2022-05-06T00:00:00,165179520,130.56,0.33,0.43
2022-05-09T00:00:00,165205440,130.25,-0.237,-0.31
2022-05-10T00:00:00,165214080,130.43,0.138,0.18
2022-05-11T00:00:00,165222720,129.96,-0.36,-0.47
2022-05-12T00:00:00,165231360,128.32,-1.262,-1.64
2022-05-13T00:00:00,165240000,129.19,0.678,0.87
2022-05-16T00:00:00,165265920,129.16,-0.023,-0.03
2022-05-17T00:00:00,165274560,129.39,0.178,0.23
2022-05-18T00:00:00,165283200,128.22,-0.904,-1.17
2022-05-19T00:00:00,165291840,127.8,-0.328,-0.42
2022-05-20T00:00:00,165300480,127.85,0.039,0.05
2022-05-23T00:00:00,165326400,127.87,0.016,0.02
2022-05-24T00:00:00,165335040,126.8,-0.837,-1.07
2022-05-25T00:00:00,165343680,127.31,0.402,0.51
2022-05-26T00:00:00,165352320,127.14,-0.134,-0.17
2022-05-27T00:00:00,165360960,127.11,-0.024,-0.03
2022-05-30T00:00:00,165386880,127.55,0.346,0.44
2022-05-31T00:00:00,165395520,128.68,0.886,1.13
2022-06-01T00:00:00,165404160,130.11,1.111,1.43
2022-06-02T00:00:00,165412800,129.83,-0.215,-0.28
2022-06-03T00:00:00,165421440,130.86,0.793,1.03
2022-06-06T00:00:00,165447360,131.87,0.772,1.01
2022-06-07T00:00:00,165456000,132.58,0.538,0.71
2022-06-08T00:00:00,165464640,134.24,1.252,1.66
2022-06-09T00:00:00,165473280,134.33,0.067,0.09
2022-06-10T00:00:00,165481920,134.42,0.067,0.09
2022-06-13T00:00:00,165507840,134.4,-0.015,-0.02
2022-06-14T00:00:00,165516480,135.47,0.796,1.07
2022-06-15T00:00:00,165525120,133.83,-1.211,-1.64
2022-06-16T00:00:00,165533760,132.2,-1.218,-1.63
2022-06-17T00:00:00,165542400,134.96,2.088,2.76
2022-06-20T00:00:00,165568320,135.08,0.089,0.12
2022-06-21T00:00:00,165576960,136.61,1.133,1.53
2022-06-22T00:00:00,165585600,136.26,-0.256,-0.35
2022-06-23T00:00:00,165594240,134.93,-0.976,-1.33
2022-06-24T00:00:00,165602880,135.17,0.178,0.24
2022-06-27T00:00:00,165628800,135.43,0.192,0.26
2022-06-28T00:00:00,165637440,136.12,0.509,0.69
2022-06-29T00:00:00,165646080,136.58,0.338,0.46
2022-06-30T00:00:00,165654720,135.73,-0.622,-0.85
2022-07-01T00:00:00,165663360,135.19,-0.398,-0.54
2022-07-04T00:00:00,165689280,135.69,0.37,0.5
2022-07-05T00:00:00,165697920,135.87,0.133,0.18
2022-07-06T00:00:00,165706560,135.93,0.044,0.06
2022-07-07T00:00:00,165715200,135.98,0.037,0.05
2022-07-08T00:00:00,165723840,136.08,0.074,0.1
2022-07-11T00:00:00,165749760,137.42,0.985,1.34
2022-07-12T00:00:00,165758400,136.86,-0.408,-0.56
2022-07-13T00:00:00,165767040,137.42,0.409,0.56
2022-07-14T00:00:00,165775680,138.9,1.077,1.48
2022-07-15T00:00:00,165784320,138.53,-0.266,-0.37
2022-07-18T00:00:00,165810240,138.12,-0.296,-0.41
2022-07-19T00:00:00,165818880,138.18,0.043,0.06
2022-07-20T00:00:00,165827520,138.2,0.014,0.02
2022-07-21T00:00:00,165836160,137.37,-0.601,-0.83
2022-07-22T00:00:00,165844800,136.05,-0.961,-1.32
2022-07-25T00:00:00,165870720,136.66,0.448,0.61
2022-07-26T00:00:00,165879360,136.91,0.183,0.25
2022-07-27T00:00:00,165888000,136.55,-0.263,-0.36
2022-07-28T00:00:00,165896640,134.28,-1.662,-2.27
2022-07-29T00:00:00,165905280,133.19,-0.812,-1.09
2022-08-01T00:00:00,165931200,131.61,-1.186,-1.58
2022-08-02T00:00:00,165939840,133.16,1.178,1.55
2022-08-03T00:00:00,165948480,133.86,0.526,0.7
2022-08-04T00:00:00,165957120,132.85,-0.755,-1.01
2022-08-05T00:00:00,165965760,134.97,1.596,2.12
2022-08-08T00:00:00,165991680,135.0,0.022,0.03
2022-08-09T00:00:00,166000320,135.13,0.096,0.13
2022-08-10T00:00:00,166008960,132.87,-1.672,-2.26
2022-08-11T00:00:00,166017600,133.0,0.098,0.13
2022-08-12T00:00:00,166026240,133.48,0.361,0.48
2022-08-15T00:00:00,166052160,133.32,-0.12,-0.16
2022-08-16T00:00:00,166060800,134.21,0.668,0.89
2022-08-17T00:00:00,166069440,135.01,0.596,0.8
2022-08-18T00:00:00,166078080,135.88,0.644,0.87
2022-08-19T00:00:00,166086720,136.93,0.773,1.05
2022-08-22T00:00:00,166112640,137.47,0.394,0.54
2022-08-23T00:00:00,166121280,136.78,-0.502,-0.69
2022-08-24T00:00:00,166129920,137.11,0.241,0.33
2022-08-25T00:00:00,166138560,136.5,-0.445,-0.61
2022-08-26T00:00:00,166147200,137.52,0.747,1.02
2022-08-29T00:00:00,166173120,138.69,0.851,1.17
2022-08-30T00:00:00,166181760,138.79,0.072,0.1
2022-08-31T00:00:00,166190400,138.96,0.122,0.17
2022-09-01T00:00:00,166199040,140.2,0.892,1.24
2022-09-02T00:00:00,166207680,140.2,0.0,0.0
2022-09-05T00:00:00,166233600,140.59,0.278,0.39
2022-09-06T00:00:00,166242240,142.79,1.565,2.2
2022-09-07T00:00:00,166250880,143.7,0.637,0.91
2022-09-08T00:00:00,166259520,144.09,0.271,0.39
2022-09-09T00:00:00,166268160,142.52,-1.09,-1.57
2022-09-12T00:00:00,166294080,142.83,0.218,0.31
2022-09-13T00:00:00,166302720,144.55,1.204,1.72
2022-09-14T00:00:00,166311360,143.15,-0.969,-1.4
2022-09-15T00:00:00,166320000,143.52,0.258,0.37
2022-09-16T00:00:00,166328640,142.91,-0.425,-0.61
2022-09-19T00:00:00,166354560,143.2,0.203,0.29
2022-09-20T00:00:00,166363200,143.72,0.363,0.52
2022-09-21T00:00:00,166371840,144.04,0.223,0.32
2022-09-22T00:00:00,166380480,142.35,-1.173,-1.69
2022-09-23T00:00:00,166389120,143.32,0.681,0.97
2022-09-26T00:00:00,166415040,144.75,0.998,1.43
2022-09-27T00:00:00,166423680,144.76,0.007,0.01
2022-09-28T00:00:00,166432320,144.16,-0.414,-0.6
2022-09-29T00:00:00,166440960,144.45,0.201,0.29
2022-09-30T00:00:00,166449600,144.75,0.208,0.3
2022-10-03T00:00:00,166475520,144.53,-0.152,-0.22
2022-10-04T00:00:00,166484160,144.09,-0.304,-0.44
2022-10-05T00:00:00,166492800,144.63,0.375,0.54
2022-10-06T00:00:00,166501440,145.12,0.339,0.49
2022-10-07T00:00:00,166510080,145.33,0.145,0.21
2022-10-10T00:00:00,166536000,145.68,0.241,0.35
2022-10-11T00:00:00,166544640,145.86,0.124,0.18
2022-10-12T00:00:00,166553280,146.91,0.72,1.05
2022-10-13T00:00:00,166561920,147.22,0.211,0.31
2022-10-14T00:00:00,166570560,148.74,1.032,1.52
2022-10-17T00:00:00,166596480,149.03,0.195,0.29
2022-10-18T00:00:00,166605120,149.26,0.154,0.23
2022-10-19T00:00:00,166613760,149.89,0.422,0.63
2022-10-20T00:00:00,166622400,150.14,0.167,0.25
2022-10-21T00:00:00,166631040,147.64,-1.665,-2.5
2022-10-24T00:00:00,166656960,148.96,0.894,1.32
2022-10-25T00:00:00,166665600,147.91,-0.705,-1.05
2022-10-26T00:00:00,166674240,146.35,-1.055,-1.56
2022-10-27T00:00:00,166682880,146.27,-0.055,-0.08
2022-10-28T00:00:00,166691520,147.45,0.807,1.18
2022-10-31T00:00:00,166717440,148.71,0.855,1.26
2022-11-01T00:00:00,166726080,148.28,-0.289,-0.43
2022-11-02T00:00:00,166734720,147.9,-0.256,-0.38
2022-11-03T00:00:00,166743360,148.27,0.25,0.37
2022-11-04T00:00:00,166752000,146.59,-1.133,-1.68
2022-11-07T00:00:00,166777920,146.62,0.02,0.03
2022-11-08T00:00:00,166786560,145.66,-0.655,-0.96
2022-11-09T00:00:00,166795200,146.44,0.535,0.78
2022-11-10T00:00:00,166803840,140.95,-3.749,-5.49
2022-11-11T00:00:00,166812480,138.79,-1.532,-2.16
2022-11-14T00:00:00,166838400,139.88,0.785,1.09
2022-11-15T00:00:00,166847040,139.29,-0.422,-0.59
2022-11-16T00:00:00,166855680,139.55,0.187,0.26
2022-11-17T00:00:00,166864320,140.18,0.451,0.63
2020-11-17T00:00:00,1605571200000,104.166,,
2020-11-18T00:00:00,1605657600000,103.86,-0.294,-0.306
2020-11-19T00:00:00,1605744000000,103.804,-0.054,-0.056
2020-11-20T00:00:00,1605830400000,103.837,0.032,0.033
2020-11-22T00:00:00,1606003200000,103.815,-0.021,-0.022
2020-11-23T00:00:00,1606089600000,104.486,0.646,0.671
2020-11-24T00:00:00,1606176000000,104.499,0.012,0.013
2020-11-25T00:00:00,1606262400000,104.414,-0.081,-0.085
2020-11-26T00:00:00,1606348800000,104.249,-0.158,-0.165
2020-11-27T00:00:00,1606435200000,104.08,-0.162,-0.169
2020-11-29T00:00:00,1606608000000,104.106,0.025,0.026
2020-11-30T00:00:00,1606694400000,104.302,0.188,0.196
2020-12-01T00:00:00,1606780800000,104.272,-0.029,-0.03
2020-12-02T00:00:00,1606867200000,104.469,0.189,0.197
2020-12-03T00:00:00,1606953600000,103.854,-0.589,-0.615
2020-12-04T00:00:00,1607040000000,104.189,0.323,0.335
2020-12-06T00:00:00,1607212800000,104.213,0.023,0.024
2020-12-07T00:00:00,1607299200000,104.001,-0.203,-0.212
2020-12-08T00:00:00,1607385600000,104.153,0.146,0.152
2020-12-09T00:00:00,1607472000000,104.292,0.133,0.139
2020-12-10T00:00:00,1607558400000,104.225,-0.064,-0.067
2020-12-11T00:00:00,1607644800000,104.022,-0.195,-0.203
2020-12-13T00:00:00,1607817600000,103.917,-0.101,-0.105
2020-12-14T00:00:00,1607904000000,104.011,0.09,0.094
2020-12-15T00:00:00,1607990400000,103.638,-0.359,-0.373
2020-12-16T00:00:00,1608076800000,103.48,-0.152,-0.158
2020-12-17T00:00:00,1608163200000,103.128,-0.34,-0.352
2020-12-18T00:00:00,1608249600000,103.286,0.153,0.158
2020-12-20T00:00:00,1608422400000,103.419,0.129,0.133
2020-12-21T00:00:00,1608508800000,103.313,-0.102,-0.106
2020-12-22T00:00:00,1608595200000,103.576,0.255,0.263
2020-12-23T00:00:00,1608681600000,103.574,-0.002,-0.002
2020-12-24T00:00:00,1608768000000,103.662,0.085,0.088
2020-12-27T00:00:00,1609027200000,103.543,-0.115,-0.119
2020-12-28T00:00:00,1609113600000,103.698,0.15,0.155
2020-12-29T00:00:00,1609200000000,103.534,-0.158,-0.164
2020-12-30T00:00:00,1609286400000,103.138,-0.382,-0.396
2020-12-31T00:00:00,1609372800000,103.252,0.111,0.114
2021-01-03T00:00:00,1609632000000,103.294,0.041,0.042
2021-01-04T00:00:00,1609718400000,103.148,-0.141,-0.146
2021-01-05T00:00:00,1609804800000,102.661,-0.472,-0.487
2021-01-06T00:00:00,1609891200000,103.037,0.366,0.376
2021-01-07T00:00:00,1609977600000,103.812,0.752,0.775
2021-01-08T00:00:00,1610064000000,103.952,0.135,0.14
2021-01-10T00:00:00,1610236800000,104.08,0.123,0.128
2021-01-11T00:00:00,1610323200000,104.145,0.062,0.065
2021-01-12T00:00:00,1610409600000,103.769,-0.361,-0.376
2021-01-13T00:00:00,1610496000000,103.822,0.051,0.053
2021-01-14T00:00:00,1610582400000,103.843,0.02,0.021
2021-01-15T00:00:00,1610668800000,103.881,0.037,0.038
2021-01-17T00:00:00,1610841600000,103.875,-0.006,-0.006
2021-01-18T00:00:00,1610928000000,103.691,-0.177,-0.184
2021-01-19T00:00:00,1611014400000,103.883,0.185,0.192
2021-01-20T00:00:00,1611100800000,103.538,-0.332,-0.345
2021-01-21T00:00:00,1611187200000,103.515,-0.022,-0.023
2021-01-22T00:00:00,1611273600000,103.754,0.231,0.239
2021-01-24T00:00:00,1611446400000,103.784,0.029,0.03
2021-01-25T00:00:00,1611532800000,103.762,-0.021,-0.022
2021-01-26T00:00:00,1611619200000,103.619,-0.138,-0.143
2021-01-27T00:00:00,1611705600000,104.162,0.524,0.543
2021-01-28T00:00:00,1611792000000,104.274,0.108,0.112
2021-01-29T00:00:00,1611878400000,104.71,0.418,0.436
2021-01-31T00:00:00,1612051200000,104.697,-0.012,-0.013
2021-02-01T00:00:00,1612137600000,104.897,0.191,0.2
2021-02-02T00:00:00,1612224000000,105.034,0.131,0.137
2021-02-03T00:00:00,1612310400000,104.996,-0.036,-0.038
2021-02-04T00:00:00,1612396800000,105.555,0.532,0.559
2021-02-05T00:00:00,1612483200000,105.367,-0.178,-0.188
2021-02-07T00:00:00,1612656000000,105.386,0.018,0.019
2021-02-08T00:00:00,1612742400000,105.232,-0.146,-0.154
2021-02-09T00:00:00,1612828800000,104.558,-0.64,-0.674
2021-02-10T00:00:00,1612915200000,104.638,0.077,0.08
2021-02-11T00:00:00,1613001600000,104.746,0.103,0.108
2021-02-12T00:00:00,1613088000000,104.922,0.168,0.176
2021-02-14T00:00:00,1613260800000,105.051,0.123,0.129
2021-02-15T00:00:00,1613347200000,105.393,0.326,0.342
2021-02-16T00:00:00,1613433600000,106.082,0.654,0.689
2021-02-17T00:00:00,1613520000000,105.877,-0.193,-0.205
2021-02-18T00:00:00,1613606400000,105.674,-0.192,-0.203
2021-02-19T00:00:00,1613692800000,105.423,-0.238,-0.251
2021-02-22T00:00:00,1613952000000,104.97,-0.43,-0.453
2021-02-23T00:00:00,1614038400000,105.269,0.285,0.299
2021-02-24T00:00:00,1614124800000,105.915,0.614,0.646
2021-02-25T00:00:00,1614211200000,106.374,0.433,0.459
2021-02-26T00:00:00,1614297600000,106.549,0.165,0.175
2021-02-28T00:00:00,1614470400000,106.496,-0.05,-0.053
2021-03-01T00:00:00,1614556800000,106.818,0.302,0.322
2021-03-02T00:00:00,1614643200000,106.752,-0.062,-0.066
2021-03-03T00:00:00,1614729600000,107.061,0.289,0.309
2021-03-04T00:00:00,1614816000000,107.954,0.834,0.893
2021-03-05T00:00:00,1614902400000,108.392,0.406,0.438
2021-03-07T00:00:00,1615075200000,108.416,0.022,0.024
2021-03-08T00:00:00,1615161600000,108.938,0.481,0.522
2021-03-09T00:00:00,1615248000000,108.625,-0.287,-0.313
2021-03-10T00:00:00,1615334400000,108.438,-0.172,-0.187
2021-03-11T00:00:00,1615420800000,108.539,0.093,0.101
2021-03-12T00:00:00,1615507200000,109.025,0.448,0.486
2021-03-14T00:00:00,1615680000000,109.123,0.09,0.098
2021-03-15T00:00:00,1615766400000,109.131,0.007,0.008
2021-03-16T00:00:00,1615852800000,109.047,-0.077,-0.084
2021-03-17T00:00:00,1615939200000,108.88,-0.153,-0.167
2021-03-18T00:00:00,1616025600000,108.945,0.06,0.065
2021-03-19T00:00:00,1616112000000,108.885,-0.055,-0.06
2021-03-21T00:00:00,1616284800000,108.924,0.036,0.039
2021-03-22T00:00:00,1616371200000,108.8,-0.114,-0.124
2021-03-23T00:00:00,1616457600000,108.509,-0.267,-0.291
2021-03-24T00:00:00,1616544000000,108.766,0.237,0.257
2021-03-25T00:00:00,1616630400000,109.207,0.405,0.441
2021-03-26T00:00:00,1616716800000,109.672,0.426,0.465
2021-03-28T00:00:00,1616889600000,109.768,0.088,0.096
2021-03-29T00:00:00,1616976000000,109.844,0.069,0.076
2021-03-30T00:00:00,1617062400000,110.33,0.442,0.486
2021-03-31T00:00:00,1617148800000,110.785,0.412,0.455
2021-04-01T00:00:00,1617235200000,110.623,-0.146,-0.162
2021-04-02T00:00:00,1617321600000,110.652,0.026,0.029
2021-04-04T00:00:00,1617494400000,110.688,0.033,0.036
2021-04-05T00:00:00,1617580800000,110.176,-0.463,-0.512
2021-04-06T00:00:00,1617667200000,109.761,-0.377,-0.415
2021-04-07T00:00:00,1617753600000,109.845,0.077,0.084
2021-04-08T00:00:00,1617840000000,109.326,-0.472,-0.519
2021-04-09T00:00:00,1617926400000,109.66,0.306,0.334
2021-04-11T00:00:00,1618099200000,109.709,0.045,0.049
2021-04-12T00:00:00,1618185600000,109.369,-0.31,-0.34
2021-04-13T00:00:00,1618272000000,109.007,-0.331,-0.362
2021-04-14T00:00:00,1618358400000,108.908,-0.091,-0.099
2021-04-15T00:00:00,1618444800000,108.683,-0.207,-0.225
2021-04-16T00:00:00,1618531200000,108.785,0.094,0.102
2021-04-18T00:00:00,1618704000000,108.704,-0.074,-0.081
2021-04-19T00:00:00,1618790400000,108.108,-0.548,-0.596
2021-04-20T00:00:00,1618876800000,108.1,-0.007,-0.008
2021-04-21T00:00:00,1618963200000,108.032,-0.063,-0.068
2021-04-22T00:00:00,1619049600000,107.97,-0.057,-0.062
2021-04-23T00:00:00,1619136000000,107.866,-0.096,-0.104
2021-04-25T00:00:00,1619308800000,107.872,0.006,0.006
2021-04-26T00:00:00,1619395200000,108.174,0.28,0.302
2021-04-27T00:00:00,1619481600000,108.757,0.539,0.583
2021-04-28T00:00:00,1619568000000,108.531,-0.208,-0.226
2021-04-29T00:00:00,1619654400000,108.863,0.306,0.332
2021-04-30T00:00:00,1619740800000,109.315,0.415,0.452
2021-05-02T00:00:00,1619913600000,109.291,-0.022,-0.024
2021-05-03T00:00:00,1620000000000,109.102,-0.173,-0.189
2021-05-04T00:00:00,1620086400000,109.316,0.196,0.214
2021-05-05T00:00:00,1620172800000,109.242,-0.068,-0.074
2021-05-06T00:00:00,1620259200000,109.057,-0.169,-0.185
2021-05-07T00:00:00,1620345600000,108.579,-0.438,-0.478
2021-05-09T00:00:00,1620518400000,108.496,-0.076,-0.083
2021-05-10T00:00:00,1620604800000,108.825,0.303,0.329
2021-05-11T00:00:00,1620691200000,108.669,-0.143,-0.156
2021-05-12T00:00:00,1620777600000,109.66,0.912,0.991
2021-05-13T00:00:00,1620864000000,109.493,-0.152,-0.167
2021-05-14T00:00:00,1620950400000,109.343,-0.137,-0.15
2021-05-16T00:00:00,1621123200000,109.386,0.039,0.043
2021-05-17T00:00:00,1621209600000,109.171,-0.197,-0.215
2021-05-18T00:00:00,1621296000000,108.851,-0.293,-0.32
2021-05-19T00:00:00,1621382400000,109.267,0.382,0.416
2021-05-20T00:00:00,1621468800000,108.84,-0.391,-0.427
2021-05-21T00:00:00,1621555200000,108.95,0.101,0.11
2021-05-23T00:00:00,1621728000000,108.911,-0.036,-0.039
2021-05-24T00:00:00,1621814400000,108.829,-0.075,-0.082
2021-05-25T00:00:00,1621900800000,108.797,-0.029,-0.032
2021-05-26T00:00:00,1621987200000,109.157,0.331,0.36
2021-05-27T00:00:00,1622073600000,109.848,0.633,0.691
2021-05-28T00:00:00,1622160000000,109.825,-0.021,-0.023
2021-05-30T00:00:00,1622332800000,109.875,0.046,0.05
2021-05-31T00:00:00,1622419200000,109.487,-0.353,-0.388
2021-06-01T00:00:00,1622505600000,109.496,0.008,0.009
2021-06-02T00:00:00,1622592000000,109.605,0.1,0.109
2021-06-03T00:00:00,1622678400000,110.258,0.596,0.653
2021-06-04T00:00:00,1622764800000,109.523,-0.667,-0.735
2021-06-06T00:00:00,1622937600000,109.623,0.091,0.1
2021-06-07T00:00:00,1623024000000,109.276,-0.317,-0.347
2021-06-08T00:00:00,1623110400000,109.472,0.179,0.196
2021-06-09T00:00:00,1623196800000,109.631,0.145,0.159
2021-06-10T00:00:00,1623283200000,109.376,-0.233,-0.255
2021-06-11T00:00:00,1623369600000,109.671,0.27,0.295
2021-06-13T00:00:00,1623542400000,109.718,0.043,0.047
2021-06-14T00:00:00,1623628800000,110.051,0.304,0.333
2021-06-15T00:00:00,1623715200000,110.09,0.035,0.039
2021-06-16T00:00:00,1623801600000,110.772,0.619,0.682
2021-06-17T00:00:00,1623888000000,110.309,-0.418,-0.463
2021-06-18T00:00:00,1623974400000,110.215,-0.085,-0.094
2021-06-20T00:00:00,1624147200000,110.219,0.004,0.004
2021-06-21T00:00:00,1624233600000,110.36,0.128,0.141
2021-06-22T00:00:00,1624320000000,110.648,0.261,0.288
2021-06-23T00:00:00,1624406400000,111.024,0.34,0.376
2021-06-24T00:00:00,1624492800000,110.885,-0.125,-0.139
2021-06-25T00:00:00,1624579200000,110.785,-0.09,-0.1
2021-06-27T00:00:00,1624752000000,110.808,0.021,0.023
2021-06-28T00:00:00,1624838400000,110.586,-0.2,-0.222
2021-06-29T00:00:00,1624924800000,110.547,-0.035,-0.039
2021-06-30T00:00:00,1625011200000,111.134,0.531,0.587
2021-07-01T00:00:00,1625097600000,111.57,0.392,0.436
2021-07-02T00:00:00,1625184000000,111.021,-0.492,-0.549
2021-07-04T00:00:00,1625356800000,111.134,0.102,0.113
2021-07-05T00:00:00,1625443200000,110.936,-0.178,-0.198
2021-07-06T00:00:00,1625529600000,110.596,-0.306,-0.34
2021-07-07T00:00:00,1625616000000,110.619,0.021,0.023
2021-07-08T00:00:00,1625702400000,109.826,-0.717,-0.793
2021-07-09T00:00:00,1625788800000,110.117,0.265,0.291
2021-07-11T00:00:00,1625961600000,110.201,0.076,0.084
2021-07-12T00:00:00,1626048000000,110.338,0.124,0.137
2021-07-13T00:00:00,1626134400000,110.609,0.246,0.271
2021-07-14T00:00:00,1626220800000,110.007,-0.544,-0.602
2021-07-15T00:00:00,1626307200000,109.79,-0.197,-0.217
2021-07-16T00:00:00,1626393600000,110.083,0.267,0.293
2021-07-18T00:00:00,1626566400000,109.89,-0.175,-0.193
2021-07-19T00:00:00,1626652800000,109.541,-0.318,-0.349
2021-07-20T00:00:00,1626739200000,109.924,0.35,0.383
2021-07-21T00:00:00,1626825600000,110.273,0.317,0.349
2021-07-22T00:00:00,1626912000000,110.102,-0.155,-0.171
2021-07-23T00:00:00,1626998400000,110.54,0.398,0.438
2021-07-26T00:00:00,1627257600000,110.34,-0.181,-0.2
2021-07-27T00:00:00,1627344000000,109.76,-0.526,-0.58
2021-07-28T00:00:00,1627430400000,109.9,0.128,0.14
2021-07-29T00:00:00,1627516800000,109.46,-0.4,-0.44
2021-07-30T00:00:00,1627603200000,109.7,0.219,0.24
2021-08-01T00:00:00,1627776000000,109.718,0.016,0.018
2021-08-02T00:00:00,1627862400000,109.28,-0.399,-0.438
2021-08-03T00:00:00,1627948800000,109.04,-0.22,-0.24
2021-08-04T00:00:00,1628035200000,109.47,0.394,0.43
2021-08-05T00:00:00,1628121600000,109.74,0.247,0.27
2021-08-06T00:00:00,1628208000000,110.25,0.465,0.51
2021-08-08T00:00:00,1628380800000,110.262,0.011,0.012
2021-08-09T00:00:00,1628467200000,110.28,0.016,0.018
2021-08-10T00:00:00,1628553600000,110.56,0.254,0.28
2021-08-11T00:00:00,1628640000000,110.4,-0.145,-0.16
2021-08-12T00:00:00,1628726400000,110.38,-0.018,-0.02
2021-08-13T00:00:00,1628812800000,109.57,-0.734,-0.81
2021-08-15T00:00:00,1628985600000,109.636,0.06,0.066
2021-08-16T00:00:00,1629072000000,109.23,-0.37,-0.406
2021-08-17T00:00:00,1629158400000,109.57,0.311,0.34
2021-08-18T00:00:00,1629244800000,109.74,0.155,0.17
2021-08-19T00:00:00,1629331200000,109.72,-0.018,-0.02
2021-08-20T00:00:00,1629417600000,109.8,0.073,0.08
2021-08-22T00:00:00,1629590400000,109.834,0.031,0.034
2021-08-23T00:00:00,1629676800000,109.68,-0.14,-0.154
2021-08-24T00:00:00,1629763200000,109.62,-0.055,-0.06
2021-08-25T00:00:00,1629849600000,109.99,0.338,0.37
2021-08-26T00:00:00,1629936000000,110.07,0.073,0.08
2021-08-27T00:00:00,1630022400000,109.82,-0.227,-0.25
2021-08-29T00:00:00,1630195200000,109.869,0.045,0.049
2021-08-30T00:00:00,1630281600000,109.92,0.046,0.051
2021-08-31T00:00:00,1630368000000,110.02,0.091,0.1
2021-09-01T00:00:00,1630454400000,109.99,-0.027,-0.03
2021-09-02T00:00:00,1630540800000,109.92,-0.064,-0.07
2021-09-03T00:00:00,1630627200000,109.73,-0.173,-0.19
2021-09-05T00:00:00,1630800000000,109.743,0.012,0.013
2021-09-06T00:00:00,1630886400000,109.83,0.079,0.087
2021-09-07T00:00:00,1630972800000,110.27,0.401,0.44
2021-09-08T00:00:00,1631059200000,110.23,-0.036,-0.04
2021-09-09T00:00:00,1631145600000,109.7,-0.481,-0.53
2021-09-10T00:00:00,1631232000000,109.93,0.21,0.23
2021-09-12T00:00:00,1631404800000,109.887,-0.039,-0.043
2021-09-13T00:00:00,1631491200000,109.98,0.085,0.093
2021-09-14T00:00:00,1631577600000,109.67,-0.282,-0.31
2021-09-15T00:00:00,1631664000000,109.36,-0.283,-0.31
2021-09-16T00:00:00,1631750400000,109.7,0.311,0.34
2021-09-17T00:00:00,1631836800000,109.96,0.237,0.26
2021-09-19T00:00:00,1632009600000,109.974,0.013,0.014
2021-09-20T00:00:00,1632096000000,109.39,-0.531,-0.584
2021-09-21T00:00:00,1632182400000,109.21,-0.165,-0.18
2021-09-22T00:00:00,1632268800000,109.78,0.522,0.57
2021-09-23T00:00:00,1632355200000,110.3,0.474,0.52
2021-09-24T00:00:00,1632441600000,110.72,0.381,0.42
2021-09-26T00:00:00,1632614400000,110.759,0.035,0.039
2021-09-27T00:00:00,1632700800000,111.0,0.218,0.241
2021-09-28T00:00:00,1632787200000,111.5,0.45,0.5
2021-09-29T00:00:00,1632873600000,111.96,0.413,0.46
2021-09-30T00:00:00,1632960000000,111.27,-0.616,-0.69
2021-10-01T00:00:00,1633046400000,111.05,-0.198,-0.22
2021-10-03T00:00:00,1633219200000,110.949,-0.091,-0.101
2021-10-04T00:00:00,1633305600000,110.87,-0.071,-0.079
2021-10-05T00:00:00,1633392000000,111.45,0.523,0.58
2021-10-06T00:00:00,1633478400000,111.41,-0.036,-0.04
2021-10-07T00:00:00,1633564800000,111.59,0.162,0.18
2021-10-08T00:00:00,1633651200000,112.22,0.565,0.63
2021-10-10T00:00:00,1633824000000,112.272,0.046,0.052
2021-10-11T00:00:00,1633910400000,113.3,0.916,1.028
2021-10-12T00:00:00,1633996800000,113.6,0.265,0.3
2021-10-13T00:00:00,1634083200000,113.23,-0.326,-0.37
2021-10-14T00:00:00,1634169600000,113.66,0.38,0.43
2021-10-15T00:00:00,1634256000000,114.2,0.475,0.54
2021-10-17T00:00:00,1634428800000,114.311,0.097,0.111
2021-10-18T00:00:00,1634515200000,114.31,-0.001,-0.001
2021-10-19T00:00:00,1634601600000,114.36,0.044,0.05
2021-10-20T00:00:00,1634688000000,114.26,-0.087,-0.1
2021-10-21T00:00:00,1634774400000,113.97,-0.254,-0.29
2021-10-22T00:00:00,1634860800000,113.46,-0.447,-0.51
2021-10-24T00:00:00,1635033600000,113.634,0.153,0.174
2021-10-25T00:00:00,1635120000000,113.7,0.058,0.066
2021-10-26T00:00:00,1635206400000,114.14,0.387,0.44
2021-10-27T00:00:00,1635292800000,113.81,-0.289,-0.33
2021-10-28T00:00:00,1635379200000,113.56,-0.22,-0.25
2021-10-29T00:00:00,1635465600000,114.0,0.387,0.44
2021-10-31T00:00:00,1635638400000,114.184,0.161,0.184
2021-11-01T00:00:00,1635724800000,113.98,-0.179,-0.204
2021-11-02T00:00:00,1635811200000,113.95,-0.026,-0.03
2021-11-03T00:00:00,1635897600000,113.98,0.026,0.03
2021-11-04T00:00:00,1635984000000,113.75,-0.202,-0.23
2021-11-05T00:00:00,1636070400000,113.4,-0.308,-0.35
2021-11-07T00:00:00,1636243200000,113.508,0.095,0.108
2021-11-08T00:00:00,1636329600000,113.22,-0.254,-0.288
2021-11-09T00:00:00,1636416000000,112.85,-0.327,-0.37
2021-11-10T00:00:00,1636502400000,113.9,0.93,1.05
2021-11-11T00:00:00,1636588800000,114.05,0.132,0.15
2021-11-12T00:00:00,1636675200000,113.85,-0.175,-0.2
2021-11-14T00:00:00,1636848000000,114.012,0.142,0.162
2021-11-15T00:00:00,1636934400000,114.12,0.095,0.108
2021-11-16T00:00:00,1637020800000,114.82,0.613,0.7
2021-11-17T00:00:00,1637107200000,114.07,-0.653,-0.75
2021-11-17T00:00:00,1637107200000,114.07,,
2021-11-18T00:00:00,1637193600000,114.24,0.149,0.17
2021-11-19T00:00:00,1637280000000,113.98,-0.228,-0.26
2021-11-21T00:00:00,1637452800000,114.086,0.093,0.106
2021-11-22T00:00:00,1637539200000,114.86,0.678,0.774
2021-11-23T00:00:00,1637625600000,115.12,0.226,0.26
2021-11-24T00:00:00,1637712000000,115.41,0.252,0.29
2021-11-25T00:00:00,1637798400000,115.35,-0.052,-0.06
2021-11-26T00:00:00,1637884800000,113.31,-1.769,-2.04
2021-11-28T00:00:00,1638057600000,113.792,0.425,0.482
2021-11-29T00:00:00,1638144000000,113.52,-0.239,-0.272
2021-11-30T00:00:00,1638230400000,113.13,-0.344,-0.39
2021-12-01T00:00:00,1638316800000,112.75,-0.336,-0.38
2021-12-02T00:00:00,1638403200000,113.15,0.355,0.4
2021-12-03T00:00:00,1638489600000,112.8,-0.309,-0.35
2021-12-05T00:00:00,1638662400000,113.001,0.178,0.201
2021-12-06T00:00:00,1638748800000,113.46,0.406,0.459
2021-12-07T00:00:00,1638835200000,113.57,0.097,0.11
2021-12-08T00:00:00,1638921600000,113.66,0.079,0.09
2021-12-09T00:00:00,1639008000000,113.44,-0.194,-0.22
2021-12-10T00:00:00,1639094400000,113.38,-0.053,-0.06
2021-12-12T00:00:00,1639267200000,113.476,0.085,0.096
2021-12-13T00:00:00,1639353600000,113.56,0.074,0.084
2021-12-14T00:00:00,1639440000000,113.71,0.132,0.15
2021-12-15T00:00:00,1639526400000,114.02,0.273,0.31
2021-12-16T00:00:00,1639612800000,113.7,-0.281,-0.32
2021-12-17T00:00:00,1639699200000,113.67,-0.026,-0.03
2021-12-19T00:00:00,1639872000000,113.604,-0.058,-0.066
2021-12-20T00:00:00,1639958400000,113.58,-0.021,-0.024
2021-12-21T00:00:00,1640044800000,114.08,0.44,0.5
2021-12-22T00:00:00,1640131200000,114.11,0.026,0.03
2021-12-23T00:00:00,1640217600000,114.37,0.228,0.26
2021-12-24T00:00:00,1640304000000,114.41,0.035,0.04
2021-12-26T00:00:00,1640476800000,114.325,-0.074,-0.085
2021-12-27T00:00:00,1640563200000,114.83,0.442,0.505
2021-12-28T00:00:00,1640649600000,114.81,-0.017,-0.02
2021-12-29T00:00:00,1640736000000,114.94,0.113,0.13
2021-12-30T00:00:00,1640822400000,115.06,0.104,0.12
2021-12-31T00:00:00,1640908800000,115.08,0.017,0.02
2022-01-02T00:00:00,1641081600000,115.124,0.038,0.044
2022-01-03T00:00:00,1641168000000,115.32,0.17,0.196
2022-01-04T00:00:00,1641254400000,116.14,0.711,0.82
2022-01-05T00:00:00,1641340800000,116.1,-0.034,-0.04
2022-01-06T00:00:00,1641427200000,115.82,-0.241,-0.28
2022-01-07T00:00:00,1641513600000,115.55,-0.233,-0.27
2022-01-09T00:00:00,1641686400000,115.623,0.063,0.073
2022-01-10T00:00:00,1641772800000,115.2,-0.366,-0.423
2022-01-11T00:00:00,1641859200000,115.28,0.069,0.08
2022-01-12T00:00:00,1641945600000,114.63,-0.564,-0.65
2022-01-13T00:00:00,1642032000000,114.17,-0.401,-0.46
2022-01-14T00:00:00,1642118400000,114.2,0.026,0.03
2022-01-16T00:00:00,1642291200000,114.302,0.089,0.102
2022-01-17T00:00:00,1642377600000,114.6,0.261,0.298
2022-01-18T00:00:00,1642464000000,114.61,0.009,0.01
2022-01-19T00:00:00,1642550400000,114.32,-0.253,-0.29
2022-01-20T00:00:00,1642636800000,114.09,-0.201,-0.23
2022-01-21T00:00:00,1642723200000,113.68,-0.359,-0.41
2022-01-23T00:00:00,1642896000000,113.742,0.055,0.062
2022-01-24T00:00:00,1642982400000,113.92,0.156,0.178
2022-01-25T00:00:00,1643068800000,113.86,-0.053,-0.06
2022-01-26T00:00:00,1643155200000,114.63,0.676,0.77
2022-01-27T00:00:00,1643241600000,115.34,0.619,0.71
2022-01-28T00:00:00,1643328000000,115.24,-0.087,-0.1
2022-01-30T00:00:00,1643500800000,115.271,0.027,0.031
2022-01-31T00:00:00,1643587200000,115.1,-0.148,-0.171
2022-02-01T00:00:00,1643673600000,114.71,-0.339,-0.39
2022-02-02T00:00:00,1643760000000,114.44,-0.235,-0.27
2022-02-03T00:00:00,1643846400000,114.95,0.446,0.51
2022-02-04T00:00:00,1643932800000,115.2,0.217,0.25
2022-02-06T00:00:00,1644105600000,115.252,0.045,0.052
2022-02-07T00:00:00,1644192000000,115.12,-0.115,-0.132
2022-02-08T00:00:00,1644278400000,115.54,0.365,0.42
2022-02-09T00:00:00,1644364800000,115.49,-0.043,-0.05
2022-02-10T00:00:00,1644451200000,116.0,0.442,0.51
2022-02-11T00:00:00,1644537600000,115.41,-0.509,-0.59
2022-02-13T00:00:00,1644710400000,115.531,0.105,0.121
2022-02-14T00:00:00,1644796800000,115.53,-0.001,-0.001
2022-02-15T00:00:00,1644883200000,115.62,0.078,0.09
2022-02-16T00:00:00,1644969600000,115.46,-0.138,-0.16
2022-02-17T00:00:00,1645056000000,114.93,-0.459,-0.53
2022-02-18T00:00:00,1645142400000,115.0,0.061,0.07
2022-02-21T00:00:00,1645401600000,114.74,-0.226,-0.26
2022-02-22T00:00:00,1645488000000,115.08,0.296,0.34
2022-02-23T00:00:00,1645574400000,114.97,-0.096,-0.11
2022-02-24T00:00:00,1645660800000,115.52,0.478,0.55
2022-02-25T00:00:00,1645747200000,115.56,0.035,0.04
2022-02-28T00:00:00,1646006400000,114.99,-0.493,-0.57
2022-03-01T00:00:00,1646092800000,114.89,-0.087,-0.1
2022-03-02T00:00:00,1646179200000,115.5,0.531,0.61
2022-03-03T00:00:00,1646265600000,115.46,-0.035,-0.04
2022-03-04T00:00:00,1646352000000,114.78,-0.589,-0.68
2022-03-07T00:00:00,1646611200000,115.29,0.444,0.51
2022-03-08T00:00:00,1646697600000,115.66,0.321,0.37
2022-03-09T00:00:00,1646784000000,115.82,0.138,0.16
2022-03-10T00:00:00,1646870400000,116.13,0.268,0.31
2022-03-11T00:00:00,1646956800000,117.28,0.99,1.15
2022-03-14T00:00:00,1647216000000,118.18,0.767,0.9
2022-03-15T00:00:00,1647302400000,118.28,0.085,0.1
2022-03-16T00:00:00,1647388800000,118.72,0.372,0.44
2022-03-17T00:00:00,1647475200000,118.59,-0.11,-0.13
2022-03-18T00:00:00,1647561600000,119.17,0.489,0.58
2022-03-21T00:00:00,1647820800000,119.47,0.252,0.3
2022-03-22T00:00:00,1647907200000,120.8,1.113,1.33
2022-03-23T00:00:00,1647993600000,121.15,0.29,0.35
2022-03-24T00:00:00,1648080000000,122.33,0.974,1.18
2022-03-25T00:00:00,1648166400000,122.06,-0.221,-0.27
2022-03-28T00:00:00,1648425600000,123.91,1.516,1.85
2022-03-29T00:00:00,1648512000000,122.84,-0.864,-1.07
2022-03-30T00:00:00,1648598400000,121.8,-0.847,-1.04
2022-03-31T00:00:00,1648684800000,121.66,-0.115,-0.14
2022-04-01T00:00:00,1648771200000,122.49,0.682,0.83
2022-04-04T00:00:00,1649030400000,122.78,0.237,0.29
2022-04-05T00:00:00,1649116800000,123.6,0.668,0.82
2022-04-06T00:00:00,1649203200000,123.79,0.154,0.19
2022-04-07T00:00:00,1649289600000,123.92,0.105,0.13
2022-04-08T00:00:00,1649376000000,124.32,0.323,0.4
2022-04-11T00:00:00,1649635200000,125.35,0.829,1.03
2022-04-12T00:00:00,1649721600000,125.35,0.0,0.0
2022-04-13T00:00:00,1649808000000,125.66,0.247,0.31
2022-04-14T00:00:00,1649894400000,125.86,0.159,0.2
2022-04-15T00:00:00,1649980800000,126.35,0.389,0.49
2022-04-18T00:00:00,1650240000000,126.97,0.491,0.62
2022-04-19T00:00:00,1650326400000,128.9,1.52,1.93
2022-04-20T00:00:00,1650412800000,127.88,-0.791,-1.02
2022-04-21T00:00:00,1650499200000,128.39,0.399,0.51
2022-04-22T00:00:00,1650585600000,128.56,0.132,0.17
2022-04-25T00:00:00,1650844800000,128.12,-0.342,-0.44
2022-04-26T00:00:00,1650931200000,127.22,-0.702,-0.9
2022-04-27T00:00:00,1651017600000,128.42,0.943,1.2
2022-04-28T00:00:00,1651104000000,130.85,1.892,2.43
2022-04-29T00:00:00,1651190400000,129.83,-0.78,-1.02
2022-05-02T00:00:00,1651449600000,130.14,0.239,0.31
2022-05-03T00:00:00,1651536000000,130.1,-0.031,-0.04
2022-05-04T00:00:00,1651622400000,129.07,-0.792,-1.03
2022-05-05T00:00:00,1651708800000,130.13,0.821,1.06
2022-05-06T00:00:00,1651795200000,130.56,0.33,0.43
2022-05-09T00:00:00,1652054400000,130.25,-0.237,-0.31
2022-05-10T00:00:00,1652140800000,130.43,0.138,0.18
2022-05-11T00:00:00,1652227200000,129.96,-0.36,-0.47
2022-05-12T00:00:00,1652313600000,128.32,-1.262,-1.64
2022-05-13T00:00:00,1652400000000,129.19,0.678,0.87
2022-05-16T00:00:00,1652659200000,129.16,-0.023,-0.03
2022-05-17T00:00:00,1652745600000,129.39,0.178,0.23
2022-05-18T00:00:00,1652832000000,128.22,-0.904,-1.17
2022-05-19T00:00:00,1652918400000,127.8,-0.328,-0.42
2022-05-20T00:00:00,1653004800000,127.85,0.039,0.05
2022-05-23T00:00:00,1653264000000,127.87,0.016,0.02
2022-05-24T00:00:00,1653350400000,126.8,-0.837,-1.07
2022-05-25T00:00:00,1653436800000,127.31,0.402,0.51
2022-05-26T00:00:00,1653523200000,127.14,-0.134,-0.17
2022-05-27T00:00:00,1653609600000,127.11,-0.024,-0.03
2022-05-30T00:00:00,1653868800000,127.55,0.346,0.44
2022-05-31T00:00:00,1653955200000,128.68,0.886,1.13
2022-06-01T00:00:00,1654041600000,130.11,1.111,1.43
2022-06-02T00:00:00,1654128000000,129.83,-0.215,-0.28
2022-06-03T00:00:00,1654214400000,130.86,0.793,1.03
2022-06-06T00:00:00,1654473600000,131.87,0.772,1.01
2022-06-07T00:00:00,1654560000000,132.58,0.538,0.71
2022-06-08T00:00:00,1654646400000,134.24,1.252,1.66
2022-06-09T00:00:00,1654732800000,134.33,0.067,0.09
2022-06-10T00:00:00,1654819200000,134.42,0.067,0.09
2022-06-13T00:00:00,1655078400000,134.4,-0.015,-0.02
2022-06-14T00:00:00,1655164800000,135.47,0.796,1.07
2022-06-15T00:00:00,1655251200000,133.83,-1.211,-1.64
2022-06-16T00:00:00,1655337600000,132.2,-1.218,-1.63
2022-06-17T00:00:00,1655424000000,134.96,2.088,2.76
2022-06-20T00:00:00,1655683200000,135.08,0.089,0.12
2022-06-21T00:00:00,1655769600000,136.61,1.133,1.53
2022-06-22T00:00:00,1655856000000,136.26,-0.256,-0.35
2022-06-23T00:00:00,1655942400000,134.93,-0.976,-1.33
2022-06-24T00:00:00,1656028800000,135.17,0.178,0.24
2022-06-27T00:00:00,1656288000000,135.43,0.192,0.26
2022-06-28T00:00:00,1656374400000,136.12,0.509,0.69
2022-06-29T00:00:00,1656460800000,136.58,0.338,0.46
2022-06-30T00:00:00,1656547200000,135.73,-0.622,-0.85
2022-07-01T00:00:00,1656633600000,135.19,-0.398,-0.54
2022-07-04T00:00:00,1656892800000,135.69,0.37,0.5
2022-07-05T00:00:00,1656979200000,135.87,0.133,0.18
2022-07-06T00:00:00,1657065600000,135.93,0.044,0.06
2022-07-07T00:00:00,1657152000000,135.98,0.037,0.05
2022-07-08T00:00:00,1657238400000,136.08,0.074,0.1
2022-07-11T00:00:00,1657497600000,137.42,0.985,1.34
2022-07-12T00:00:00,1657584000000,136.86,-0.408,-0.56
2022-07-13T00:00:00,1657670400000,137.42,0.409,0.56
2022-07-14T00:00:00,1657756800000,138.9,1.077,1.48
2022-07-15T00:00:00,1657843200000,138.53,-0.266,-0.37
2022-07-18T00:00:00,1658102400000,138.12,-0.296,-0.41
2022-07-19T00:00:00,1658188800000,138.18,0.043,0.06
2022-07-20T00:00:00,1658275200000,138.2,0.014,0.02
2022-07-21T00:00:00,1658361600000,137.37,-0.601,-0.83
2022-07-22T00:00:00,1658448000000,136.05,-0.961,-1.32
2022-07-25T00:00:00,1658707200000,136.66,0.448,0.61
2022-07-26T00:00:00,1658793600000,136.91,0.183,0.25
2022-07-27T00:00:00,1658880000000,136.55,-0.263,-0.36
2022-07-28T00:00:00,1658966400000,134.28,-1.662,-2.27
2022-07-29T00:00:00,1659052800000,133.19,-0.812,-1.09
2022-08-01T00:00:00,1659312000000,131.61,-1.186,-1.58
2022-08-02T00:00:00,1659398400000,133.16,1.178,1.55
2022-08-03T00:00:00,1659484800000,133.86,0.526,0.7
2022-08-04T00:00:00,1659571200000,132.85,-0.755,-1.01
2022-08-05T00:00:00,1659657600000,134.97,1.596,2.12
2022-08-08T00:00:00,1659916800000,135.0,0.022,0.03
2022-08-09T00:00:00,1660003200000,135.13,0.096,0.13
2022-08-10T00:00:00,1660089600000,132.87,-1.672,-2.26
2022-08-11T00:00:00,1660176000000,133.0,0.098,0.13
2022-08-12T00:00:00,1660262400000,133.48,0.361,0.48
2022-08-15T00:00:00,1660521600000,133.32,-0.12,-0.16
2022-08-16T00:00:00,1660608000000,134.21,0.668,0.89
2022-08-17T00:00:00,1660694400000,135.01,0.596,0.8
2022-08-18T00:00:00,1660780800000,135.88,0.644,0.87
2022-08-19T00:00:00,1660867200000,136.93,0.773,1.05
2022-08-22T00:00:00,1661126400000,137.47,0.394,0.54
2022-08-23T00:00:00,1661212800000,136.78,-0.502,-0.69
2022-08-24T00:00:00,1661299200000,137.11,0.241,0.33
2022-08-25T00:00:00,1661385600000,136.5,-0.445,-0.61
2022-08-26T00:00:00,1661472000000,137.52,0.747,1.02
2022-08-29T00:00:00,1661731200000,138.69,0.851,1.17
2022-08-30T00:00:00,1661817600000,138.79,0.072,0.1
2022-08-31T00:00:00,1661904000000,138.96,0.122,0.17
2022-09-01T00:00:00,1661990400000,140.2,0.892,1.24
2022-09-02T00:00:00,1662076800000,140.2,0.0,0.0
2022-09-05T00:00:00,1662336000000,140.59,0.278,0.39
2022-09-06T00:00:00,1662422400000,142.79,1.565,2.2
2022-09-07T00:00:00,1662508800000,143.7,0.637,0.91
2022-09-08T00:00:00,1662595200000,144.09,0.271,0.39
2022-09-09T00:00:00,1662681600000,142.52,-1.09,-1.57
2022-09-12T00:00:00,1662940800000,142.83,0.218,0.31
2022-09-13T00:00:00,1663027200000,144.55,1.204,1.72
2022-09-14T00:00:00,1663113600000,143.15,-0.969,-1.4
2022-09-15T00:00:00,1663200000000,143.52,0.258,0.37
2022-09-16T00:00:00,1663286400000,142.91,-0.425,-0.61
2022-09-19T00:00:00,1663545600000,143.2,0.203,0.29
2022-09-20T00:00:00,1663632000000,143.72,0.363,0.52
2022-09-21T00:00:00,1663718400000,144.04,0.223,0.32
2022-09-22T00:00:00,1663804800000,142.35,-1.173,-1.69
2022-09-23T00:00:00,1663891200000,143.32,0.681,0.97
2022-09-26T00:00:00,1664150400000,144.75,0.998,1.43
2022-09-27T00:00:00,1664236800000,144.76,0.007,0.01
2022-09-28T00:00:00,1664323200000,144.16,-0.414,-0.6
2022-09-29T00:00:00,1664409600000,144.45,0.201,0.29
2022-09-30T00:00:00,1664496000000,144.75,0.208,0.3
2022-10-03T00:00:00,1664755200000,144.53,-0.152,-0.22
2022-10-04T00:00:00,1664841600000,144.09,-0.304,-0.44
2022-10-05T00:00:00,1664928000000,144.63,0.375,0.54
2022-10-06T00:00:00,1665014400000,145.12,0.339,0.49
2022-10-07T00:00:00,1665100800000,145.33,0.145,0.21
2022-10-10T00:00:00,1665360000000,145.68,0.241,0.35
2022-10-11T00:00:00,1665446400000,145.86,0.124,0.18
2022-10-12T00:00:00,1665532800000,146.91,0.72,1.05
2022-10-13T00:00:00,1665619200000,147.22,0.211,0.31
2022-10-14T00:00:00,1665705600000,148.74,1.032,1.52
2022-10-17T00:00:00,1665964800000,149.03,0.195,0.29
2022-10-18T00:00:00,1666051200000,149.26,0.154,0.23
2022-10-19T00:00:00,1666137600000,149.89,0.422,0.63
2022-10-20T00:00:00,1666224000000,150.14,0.167,0.25
2022-10-21T00:00:00,1666310400000,147.64,-1.665,-2.5
2022-10-24T00:00:00,1666569600000,148.96,0.894,1.32
2022-10-25T00:00:00,1666656000000,147.91,-0.705,-1.05
2022-10-26T00:00:00,1666742400000,146.35,-1.055,-1.56
2022-10-27T00:00:00,1666828800000,146.27,-0.055,-0.08
2022-10-28T00:00:00,1666915200000,147.45,0.807,1.18
2022-10-31T00:00:00,1667174400000,148.71,0.855,1.26
2022-11-01T00:00:00,1667260800000,148.28,-0.289,-0.43
2022-11-02T00:00:00,1667347200000,147.9,-0.256,-0.38
2022-11-03T00:00:00,1667433600000,148.27,0.25,0.37
2022-11-04T00:00:00,1667520000000,146.59,-1.133,-1.68
2022-11-07T00:00:00,1667779200000,146.62,0.02,0.03
2022-11-08T00:00:00,1667865600000,145.66,-0.655,-0.96
2022-11-09T00:00:00,1667952000000,146.44,0.535,0.78
2022-11-10T00:00:00,1668038400000,140.95,-3.749,-5.49
2022-11-11T00:00:00,1668124800000,138.79,-1.532,-2.16
2022-11-14T00:00:00,1668384000000,139.88,0.785,1.09
2022-11-15T00:00:00,1668470400000,139.29,-0.422,-0.59
2022-11-16T00:00:00,1668556800000,139.55,0.187,0.26
2022-11-17T00:00:00,1668643200000,140.18,0.451,0.63
2022-11-17T00:00:00,1668643200000,140.18,,
2022-11-18T00:00:00,1668729600000,140.35,0.121,0.17
2022-11-21T00:00:00,1668988800000,142.12,1.261,1.77
2022-11-22T00:00:00,1669075200000,141.24,-0.619,-0.88
2022-11-23T00:00:00,1669161600000,139.59,-1.168,-1.65
2022-11-24T00:00:00,1669248000000,138.61,-0.702,-0.98
2022-11-25T00:00:00,1669334400000,139.1,0.354,0.49
2022-11-28T00:00:00,1669593600000,138.94,-0.115,-0.16
2022-11-29T00:00:00,1669680000000,138.68,-0.187,-0.26
2022-11-30T00:00:00,1669766400000,138.03,-0.469,-0.65
2022-12-01T00:00:00,1669852800000,135.27,-2.0,-2.76
2022-12-02T00:00:00,1669939200000,134.3,-0.717,-0.97
2022-12-05T00:00:00,1670198400000,136.74,1.817,2.44
2022-12-06T00:00:00,1670284800000,137.05,0.227,0.31
2022-12-07T00:00:00,1670371200000,136.6,-0.328,-0.45
2022-12-08T00:00:00,1670457600000,136.65,0.037,0.05
2022-12-09T00:00:00,1670544000000,136.56,-0.066,-0.09
2022-12-12T00:00:00,1670803200000,137.66,0.806,1.1
2022-12-13T00:00:00,1670889600000,135.57,-1.518,-2.09
2022-12-14T00:00:00,1670976000000,135.47,-0.074,-0.1
2022-12-15T00:00:00,1671062400000,137.76,1.69,2.29
2022-12-16T00:00:00,1671148800000,136.69,-0.777,-1.07
2022-12-19T00:00:00,1671408000000,136.88,0.139,0.19
2022-12-20T00:00:00,1671494400000,131.7,-3.784,-5.18
2022-12-21T00:00:00,1671580800000,132.47,0.585,0.77
2022-12-22T00:00:00,1671667200000,132.33,-0.106,-0.14
2022-12-23T00:00:00,1671753600000,132.79,0.348,0.46
2022-12-26T00:00:00,1672012800000,132.86,0.053,0.07
2022-12-27T00:00:00,1672099200000,133.48,0.467,0.62
2022-12-28T00:00:00,1672185600000,134.47,0.742,0.99
2022-12-29T00:00:00,1672272000000,133.01,-1.086,-1.46
2022-12-30T00:00:00,1672358400000,131.11,-1.428,-1.9
2023-01-02T00:00:00,1672617600000,130.73,-0.29,-0.38
2023-01-03T00:00:00,1672704000000,131.0,0.207,0.27
2023-01-04T00:00:00,1672790400000,132.62,1.237,1.62
2023-01-05T00:00:00,1672876800000,133.4,0.588,0.78
2023-01-06T00:00:00,1672963200000,132.07,-0.997,-1.33
2023-01-09T00:00:00,1673222400000,131.88,-0.144,-0.19
2023-01-10T00:00:00,1673308800000,132.25,0.281,0.37
2023-01-11T00:00:00,1673395200000,132.47,0.166,0.22
2023-01-12T00:00:00,1673481600000,129.22,-2.453,-3.25
2023-01-13T00:00:00,1673568000000,127.88,-1.037,-1.34
2023-01-16T00:00:00,1673827200000,128.54,0.516,0.66
2023-01-17T00:00:00,1673913600000,128.13,-0.319,-0.41
2023-01-18T00:00:00,1674000000000,128.88,0.585,0.75
2023-01-19T00:00:00,1674086400000,128.42,-0.357,-0.46
2023-01-20T00:00:00,1674172800000,129.57,0.895,1.15
2023-01-23T00:00:00,1674432000000,130.66,0.841,1.09
2023-01-24T00:00:00,1674518400000,130.15,-0.39,-0.51
2023-01-25T00:00:00,1674604800000,129.59,-0.43,-0.56
2023-01-26T00:00:00,1674691200000,130.21,0.478,0.62
2023-01-27T00:00:00,1674777600000,129.85,-0.276,-0.36
2023-01-30T00:00:00,1675036800000,130.44,0.454,0.59
2023-01-31T00:00:00,1675123200000,130.09,-0.268,-0.35
2023-02-01T00:00:00,1675209600000,128.93,-0.892,-1.16
2023-02-02T00:00:00,1675296000000,128.65,-0.217,-0.28
2023-02-03T00:00:00,1675382400000,131.17,1.959,2.52
2023-02-06T00:00:00,1675641600000,132.65,1.128,1.48
2023-02-07T00:00:00,1675728000000,131.05,-1.206,-1.6
2023-02-08T00:00:00,1675814400000,131.37,0.244,0.32
2023-02-09T00:00:00,1675900800000,131.56,0.145,0.19
2023-02-10T00:00:00,1675987200000,131.41,-0.114,-0.15
2023-02-13T00:00:00,1676246400000,132.4,0.753,0.99
2023-02-14T00:00:00,1676332800000,133.11,0.536,0.71
2023-02-15T00:00:00,1676419200000,134.11,0.751,1.0
2023-02-16T00:00:00,1676505600000,133.94,-0.127,-0.17
2023-02-17T00:00:00,1676592000000,134.15,0.157,0.21
2023-02-20T00:00:00,1676851200000,134.23,0.06,0.08
2023-02-21T00:00:00,1676937600000,134.99,0.566,0.76
2023-02-22T00:00:00,1677024000000,134.9,-0.067,-0.09
2023-02-23T00:00:00,1677110400000,134.7,-0.148,-0.2
2023-02-24T00:00:00,1677196800000,136.46,1.307,1.76
2023-02-27T00:00:00,1677456000000,136.2,-0.191,-0.26
2023-02-28T00:00:00,1677542400000,136.2,0.0,0.0
2023-03-01T00:00:00,1677628800000,136.16,-0.029,-0.04
2023-03-02T00:00:00,1677715200000,136.76,0.441,0.6
2023-03-03T00:00:00,1677801600000,135.86,-0.658,-0.9
2023-03-06T00:00:00,1678060800000,135.91,0.037,0.05
2023-03-07T00:00:00,1678147200000,137.14,0.905,1.23
2023-03-08T00:00:00,1678233600000,137.34,0.146,0.2
2023-03-09T00:00:00,1678320000000,136.14,-0.874,-1.2
2023-03-10T00:00:00,1678406400000,134.98,-0.852,-1.16
2023-03-13T00:00:00,1678665600000,133.18,-1.334,-1.8
2023-03-14T00:00:00,1678752000000,134.22,0.781,1.04
2023-03-15T00:00:00,1678838400000,133.4,-0.611,-0.82
2023-03-16T00:00:00,1678924800000,133.72,0.24,0.32
2023-03-17T00:00:00,1679011200000,131.79,-1.443,-1.93
2023-03-20T00:00:00,1679270400000,131.31,-0.364,-0.48
2023-03-21T00:00:00,1679356800000,132.49,0.899,1.18
2023-03-22T00:00:00,1679443200000,131.44,-0.793,-1.05
2023-03-23T00:00:00,1679529600000,130.81,-0.479,-0.63
2023-03-24T00:00:00,1679616000000,130.69,-0.092,-0.12
2023-03-27T00:00:00,1679875200000,131.56,0.666,0.87
2023-03-28T00:00:00,1679961600000,130.86,-0.532,-0.7
2023-03-29T00:00:00,1680048000000,132.84,1.513,1.98
2023-03-30T00:00:00,1680134400000,132.65,-0.143,-0.19
2023-03-31T00:00:00,1680220800000,132.79,0.106,0.14
2023-04-03T00:00:00,1680480000000,132.41,-0.286,-0.38
2023-04-04T00:00:00,1680566400000,131.69,-0.544,-0.72
2023-04-05T00:00:00,1680652800000,131.31,-0.289,-0.38
2023-04-06T00:00:00,1680739200000,131.76,0.343,0.45
2023-04-07T00:00:00,1680825600000,132.13,0.281,0.37
2023-04-10T00:00:00,1681084800000,133.6,1.113,1.47
2023-04-11T00:00:00,1681171200000,133.65,0.037,0.05
2023-04-12T00:00:00,1681257600000,133.12,-0.397,-0.53
2023-04-13T00:00:00,1681344000000,132.56,-0.421,-0.56
2023-04-14T00:00:00,1681430400000,133.77,0.913,1.21
2023-04-17T00:00:00,1681689600000,134.46,0.516,0.69
2023-04-18T00:00:00,1681776000000,134.09,-0.275,-0.37
2023-04-19T00:00:00,1681862400000,134.69,0.447,0.6
2023-04-20T00:00:00,1681948800000,134.23,-0.342,-0.46
2023-04-21T00:00:00,1682035200000,134.15,-0.06,-0.08
2023-04-24T00:00:00,1682294400000,134.22,0.052,0.07
2023-04-25T00:00:00,1682380800000,133.71,-0.38,-0.51
2023-04-26T00:00:00,1682467200000,133.66,-0.037,-0.05
2023-04-27T00:00:00,1682553600000,133.94,0.209,0.28
2023-04-28T00:00:00,1682640000000,136.28,1.747,2.34
2023-05-01T00:00:00,1682899200000,137.48,0.881,1.2
2023-05-02T00:00:00,1682985600000,136.53,-0.691,-0.95
2023-05-03T00:00:00,1683072000000,134.68,-1.355,-1.85
2023-05-04T00:00:00,1683158400000,134.27,-0.304,-0.41
2023-05-05T00:00:00,1683244800000,134.83,0.417,0.56
2023-05-08T00:00:00,1683504000000,135.08,0.185,0.25
2023-05-09T00:00:00,1683590400000,135.21,0.096,0.13
2023-05-10T00:00:00,1683676800000,134.34,-0.643,-0.87
2023-05-11T00:00:00,1683763200000,134.54,0.149,0.2
2023-05-12T00:00:00,1683849600000,135.71,0.87,1.17
2023-05-15T00:00:00,1684108800000,136.11,0.295,0.4
2023-05-16T00:00:00,1684195200000,136.37,0.191,0.26
2023-05-17T00:00:00,1684281600000,137.67,0.953,1.3
2023-05-18T00:00:00,1684368000000,138.71,0.755,1.04
2023-05-19T00:00:00,1684454400000,137.95,-0.548,-0.76
2023-05-22T00:00:00,1684713600000,138.6,0.471,0.65
2023-05-23T00:00:00,1684800000000,138.58,-0.014,-0.02
2023-05-24T00:00:00,1684886400000,139.46,0.635,0.88
2023-05-25T00:00:00,1684972800000,140.05,0.423,0.59
2023-05-26T00:00:00,1685059200000,140.62,0.407,0.57
2023-05-29T00:00:00,1685318400000,140.44,-0.128,-0.18
2023-05-30T00:00:00,1685404800000,139.79,-0.463,-0.65
2023-05-31T00:00:00,1685491200000,139.34,-0.322,-0.45
2023-06-01T00:00:00,1685577600000,138.79,-0.395,-0.55
2023-06-02T00:00:00,1685664000000,139.94,0.829,1.15
2023-06-05T00:00:00,1685923200000,139.54,-0.286,-0.4
2023-06-06T00:00:00,1686009600000,139.63,0.064,0.09
2023-06-07T00:00:00,1686096000000,140.11,0.344,0.48
2023-06-08T00:00:00,1686182400000,138.91,-0.856,-1.2
2023-06-09T00:00:00,1686268800000,139.34,0.31,0.43
2023-06-12T00:00:00,1686528000000,139.6,0.187,0.26
2023-06-13T00:00:00,1686614400000,140.21,0.437,0.61
2023-06-14T00:00:00,1686700800000,140.09,-0.086,-0.12
2023-06-15T00:00:00,1686787200000,140.27,0.128,0.18
2023-06-16T00:00:00,1686873600000,141.82,1.105,1.55
2023-06-19T00:00:00,1687132800000,141.98,0.113,0.16
2023-06-20T00:00:00,1687219200000,141.44,-0.38,-0.54
2023-06-21T00:00:00,1687305600000,141.88,0.311,0.44
2023-06-22T00:00:00,1687392000000,143.11,0.867,1.23
2023-06-23T00:00:00,1687478400000,143.68,0.398,0.57
2023-06-26T00:00:00,1687737600000,143.5,-0.125,-0.18
2023-06-27T00:00:00,1687824000000,144.07,0.397,0.57
2023-06-28T00:00:00,1687910400000,144.46,0.271,0.39
2023-06-29T00:00:00,1687996800000,144.77,0.215,0.31
2023-06-30T00:00:00,1688083200000,144.32,-0.311,-0.45
2023-07-03T00:00:00,1688342400000,144.66,0.236,0.34
2023-07-04T00:00:00,1688428800000,144.45,-0.145,-0.21
2023-07-05T00:00:00,1688515200000,144.64,0.132,0.19
2023-07-06T00:00:00,1688601600000,144.06,-0.401,-0.58
2023-07-07T00:00:00,1688688000000,142.07,-1.381,-1.99
2023-07-10T00:00:00,1688947200000,141.31,-0.535,-0.76
2023-07-11T00:00:00,1689033600000,140.37,-0.665,-0.94
2023-07-12T00:00:00,1689120000000,138.5,-1.332,-1.87
2023-07-13T00:00:00,1689206400000,138.03,-0.339,-0.47
2023-07-14T00:00:00,1689292800000,138.73,0.507,0.7
2023-07-17T00:00:00,1689552000000,138.71,-0.014,-0.02
2023-07-18T00:00:00,1689638400000,138.81,0.072,0.1
2023-07-19T00:00:00,1689724800000,139.67,0.62,0.86
2023-07-20T00:00:00,1689811200000,140.07,0.286,0.4
2023-07-21T00:00:00,1689897600000,141.79,1.228,1.72
2023-07-24T00:00:00,1690156800000,141.44,-0.247,-0.35
2023-07-25T00:00:00,1690243200000,140.9,-0.382,-0.54
2023-07-26T00:00:00,1690329600000,140.21,-0.49,-0.69
2023-07-27T00:00:00,1690416000000,139.44,-0.549,-0.77
2023-07-28T00:00:00,1690502400000,141.15,1.226,1.71
2023-07-31T00:00:00,1690761600000,142.28,0.801,1.13
2023-08-01T00:00:00,1690848000000,143.32,0.731,1.04
2023-08-02T00:00:00,1690934400000,143.32,0.0,0.0
2023-08-03T00:00:00,1691020800000,142.54,-0.544,-0.78
2023-08-04T00:00:00,1691107200000,141.75,-0.554,-0.79
2023-08-07T00:00:00,1691366400000,142.49,0.522,0.74
2023-08-08T00:00:00,1691452800000,143.37,0.618,0.88
2023-08-09T00:00:00,1691539200000,143.72,0.244,0.35
2023-08-10T00:00:00,1691625600000,144.73,0.703,1.01
2023-08-11T00:00:00,1691712000000,144.96,0.159,0.23
2023-08-14T00:00:00,1691971200000,145.54,0.4,0.58
2023-08-15T00:00:00,1692057600000,145.57,0.021,0.03
2023-08-16T00:00:00,1692144000000,146.35,0.536,0.78
2023-08-17T00:00:00,1692230400000,145.83,-0.355,-0.52
2023-08-18T00:00:00,1692316800000,145.37,-0.315,-0.46
2023-08-21T00:00:00,1692576000000,146.17,0.55,0.8
2023-08-22T00:00:00,1692662400000,145.88,-0.198,-0.29
2023-08-23T00:00:00,1692748800000,144.83,-0.72,-1.05
2023-08-24T00:00:00,1692835200000,145.87,0.718,1.04
2023-08-25T00:00:00,1692921600000,146.41,0.37,0.54
2023-08-28T00:00:00,1693180800000,146.54,0.089,0.13
2023-08-29T00:00:00,1693267200000,145.87,-0.457,-0.67
2023-08-30T00:00:00,1693353600000,146.24,0.254,0.37
2023-08-31T00:00:00,1693440000000,145.53,-0.486,-0.71
2023-09-01T00:00:00,1693526400000,146.23,0.481,0.7
2023-09-04T00:00:00,1693785600000,146.46,0.157,0.23
2023-09-05T00:00:00,1693872000000,147.71,0.853,1.25
2023-09-06T00:00:00,1693958400000,147.65,-0.041,-0.06
2023-09-07T00:00:00,1694044800000,147.29,-0.244,-0.36
2023-09-08T00:00:00,1694131200000,147.81,0.353,0.52
2023-09-11T00:00:00,1694390400000,146.58,-0.832,-1.23
2023-09-12T00:00:00,1694476800000,147.08,0.341,0.5
2023-09-13T00:00:00,1694563200000,147.45,0.252,0.37
2023-09-14T00:00:00,1694649600000,147.47,0.014,0.02
2023-09-15T00:00:00,1694736000000,147.82,0.237,0.35
2023-09-18T00:00:00,1694995200000,147.6,-0.149,-0.22
2023-09-19T00:00:00,1695081600000,147.86,0.176,0.26
2023-09-20T00:00:00,1695168000000,148.33,0.318,0.47
2023-09-21T00:00:00,1695254400000,147.58,-0.506,-0.75
2023-09-22T00:00:00,1695340800000,148.37,0.535,0.79
2023-09-25T00:00:00,1695600000000,148.88,0.344,0.51
2023-09-26T00:00:00,1695686400000,149.05,0.114,0.17
2023-09-27T00:00:00,1695772800000,149.63,0.389,0.58
2023-09-28T00:00:00,1695859200000,149.29,-0.227,-0.34
2023-09-29T00:00:00,1695945600000,149.35,0.04,0.06
2023-10-02T00:00:00,1696204800000,149.85,0.335,0.5
2023-10-03T00:00:00,1696291200000,149.02,-0.554,-0.83
2023-10-04T00:00:00,1696377600000,149.12,0.067,0.1
2023-10-05T00:00:00,1696464000000,148.5,-0.416,-0.62
2023-10-06T00:00:00,1696550400000,149.32,0.552,0.82
2023-10-09T00:00:00,1696809600000,148.5,-0.549,-0.82
2023-10-10T00:00:00,1696896000000,148.7,0.135,0.2
2023-10-11T00:00:00,1696982400000,149.15,0.303,0.45
2023-10-12T00:00:00,1697068800000,149.8,0.436,0.65
2023-10-13T00:00:00,1697155200000,149.55,-0.167,-0.25
2023-10-16T00:00:00,1697414400000,149.5,-0.033,-0.05
2023-10-17T00:00:00,1697500800000,149.8,0.201,0.3
2023-10-18T00:00:00,1697587200000,149.92,0.08,0.12
2023-10-19T00:00:00,1697673600000,149.78,-0.093,-0.14
2023-10-20T00:00:00,1697760000000,149.84,0.04,0.06
2023-10-23T00:00:00,1698019200000,149.7,-0.093,-0.14
2023-10-24T00:00:00,1698105600000,149.91,0.14,0.21
2023-10-25T00:00:00,1698192000000,150.21,0.2,0.3
2023-10-26T00:00:00,1698278400000,150.38,0.113,0.17
2023-10-27T00:00:00,1698364800000,149.6,-0.519,-0.78
2023-10-30T00:00:00,1698624000000,149.1,-0.334,-0.5
2023-10-31T00:00:00,1698710400000,151.67,1.724,2.57
2023-11-01T00:00:00,1698796800000,150.95,-0.475,-0.72
2023-11-02T00:00:00,1698883200000,150.44,-0.338,-0.51
2023-11-03T00:00:00,1698969600000,149.37,-0.711,-1.07
2023-11-06T00:00:00,1699228800000,150.07,0.469,0.7
2023-11-07T00:00:00,1699315200000,150.34,0.18,0.27
2023-11-08T00:00:00,1699401600000,150.97,0.419,0.63
2023-11-09T00:00:00,1699488000000,151.34,0.245,0.37
2023-11-10T00:00:00,1699574400000,151.5,0.106,0.16
2023-11-13T00:00:00,1699833600000,151.71,0.139,0.21
2023-11-14T00:00:00,1699920000000,150.38,-0.877,-1.33
2023-11-15T00:00:00,1700006400000,151.35,0.645,0.97
2023-11-16T00:00:00,1700092800000,151.222,-0.085,-0.128
